SALE TYPE,SOLD DATE,PROPERTY TYPE,ADDRESS,CITY,STATE,ZIP,PRICE,BEDS,BATHS,LOCATION,SQUARE FEET,LOT SIZE,YEAR BUILT,DAYS ON MARKET,$/SQUARE FEET,HOA/MONTH,STATUS,NEXT OPEN HOUSE START TIME,NEXT OPEN HOUSE END TIME,URL (SEE http://www.redfin.com/buy-a-home/comparative-market-analysis FOR INFO ON PRICING),SOURCE,MLS#,FAVORITE,INTERESTED,LATITUDE,LONGITUDE
MLS Listing,,Condo/Co-op,254 E Cottage St #3,Boston,MA,02125,625000,4,2.0,Dorchester,1993,2683,1905,30,314,300,Active,,,http://www.redfin.com/MA/Boston/254-E-Cottage-St-02125/home/9319485,MLS PIN,72248546,N,Y,42.3188233,-71.0583922
MLS Listing,,Condo/Co-op,47 Saint Botolph St #301,Boston,MA,02116,889999,2,2.0,Back Bay,1038,,1899,40,857,320,Active,,,http://www.redfin.com/MA/Boston/47-Saint-Botolph-St-02116/unit-301/home/9306697,MLS PIN,72243870,N,Y,42.3463197,-71.0794567
MLS Listing,,Multi-Family (2-4 Unit),416 Hyde Park Ave,Boston,MA,02131,599900,2,2.5,Boston,1900,2700,1955,66,316,,Active,,,http://www.redfin.com/MA/Boston/416-Hyde-Park-Ave-02131/home/9167198,MLS PIN,72232272,N,Y,42.2863044,-71.1184163
MLS Listing,,Condo/Co-op,40 Fay St #407,Boston,MA,02118,699500,1,1.0,South End,648,648,2006,143,1079,388,Active,,,http://www.redfin.com/MA/Boston/40-Fay-St-02118/unit-407/home/21717899,MLS PIN,72193480,N,Y,42.3433672,-71.0648142
MLS Listing,,Townhouse,22 Constellation Wharf #22,Boston,MA,02129,1775000,3,3.5,Charlestown's Navy Yard,2800,,1987,160,634,1987,Active,,,http://www.redfin.com/MA/Boston/22-Constellation-Wharf-02129/unit-22/home/144225332,MLS PIN,72184540,N,Y,42.3748712,-71.0507953
MLS Listing,,Multi-Family (2-4 Unit),Thirty7 Fenton St,Boston,MA,02122,650000,3,4.0,Dorchester,1944,2600,1910,1,334,,Active,,,http://www.redfin.com/MA/Boston/Thirty7-Fenton-St-02122/home/144379566,MLS PIN,72258489,N,Y,42.2967146,-71.0527482
MLS Listing,,Townhouse,46 Alpine St #1,Boston,MA,02119,529999,2,2.5,Roxbury,1485,,2017,1,357,240,Active,,,http://www.redfin.com/MA/Boston/46-Alpine-St-02119/unit-1/home/144376682,MLS PIN,72258443,N,Y,42.325461,-71.086326
MLS Listing,,Single Family Residential,59 Rockdale St,Boston,MA,02126,529000,4,2.0,Mattapan,1792,5000,1910,1,295,,Active,December-2-2017 12:00 PM,December-2-2017 02:00 PM,http://www.redfin.com/MA/Boston/59-Rockdale-St-02126/home/9162201,MLS PIN,72258439,N,Y,42.2672694,-71.0979704
MLS Listing,,Multi-Family (2-4 Unit),282 Columbia Rd,Boston,MA,02121,350000,6,3.0,Dorchester,4248,2527,1935,1,82,,Active,,,http://www.redfin.com/MA/Boston/282-Columbia-Rd-02121/home/9070191,MLS PIN,72258434,N,Y,42.3091734,-71.0743224
MLS Listing,,Single Family Residential,112 Riverside Dr,Dedham,MA,02026,459980,3,1.0,Dedham,1240,5000,1948,1,371,,Active,,,http://www.redfin.com/MA/Dedham/112-Riverside-Dr-02026/home/8844619,MLS PIN,72258425,N,Y,42.2736907,-71.1761145
MLS Listing,,Multi-Family (2-4 Unit),1596 Columbia Rd,Boston,MA,02127,1999000,8,3.0,South Boston,3939,3020,1905,1,507,,Active,,,http://www.redfin.com/MA/Boston/1596-Columbia-Rd-02127/home/9193905,MLS PIN,72258390,N,Y,42.3300415,-71.0376404
MLS Listing,,Single Family Residential,13 Wenlock Rd,Boston,MA,02122,999000,3,2.5,Dorchester,3300,5000,2017,2,303,,Active,,,http://www.redfin.com/MA/Boston/13-Wenlock-Rd-02122/home/144359305,MLS PIN,72258216,N,Y,42.2847837,-71.0484612
MLS Listing,,Single Family Residential,30 Port Norfolk St,Boston,MA,02122,949000,3,3.5,Dorchester,3011,3323,2017,2,315,,Active,,,http://www.redfin.com/MA/Boston/30-Port-Norfolk-St-02122/home/144359289,MLS PIN,72258213,N,Y,42.290204,-71.0409359
MLS Listing,,Condo/Co-op,140 Shawmut Ave Unit 1B,Boston,MA,02118,649000,1,1.0,South End,654,,2017,2,992,219,Active,,,http://www.redfin.com/MA/Boston/140-Shawmut-Ave-02118/unit-1B/home/101105783,MLS PIN,72258173,N,Y,42.3459437,-71.06581
MLS Listing,,Condo/Co-op,510 Norfolk St #1,Boston,MA,02126,75000,4,1.0,Mattapan,1222,1136,1905,3,61,245,Active,,,http://www.redfin.com/MA/Boston/510-Norfolk-St-02126/unit-1/home/12428403,MLS PIN,72258151,N,Y,42.2790344,-71.0892336
MLS Listing,,Multi-Family (2-4 Unit),6 Bickford Ave,Boston,MA,02120,1400000,8,3.0,Mission Hill,3180,2838,1900,3,440,,Active,,,http://www.redfin.com/MA/Boston/6-Bickford-Ave-02120/home/144358922,MLS PIN,72258139,N,Y,42.3265439,-71.1025341
MLS Listing,,Multi-Family (2-4 Unit),640 Morton St,Boston,MA,02126,769000,6,3.0,Boston,4398,2842,1905,3,175,,Active,November-27-2017 05:30 PM,November-27-2017 07:00 PM,http://www.redfin.com/MA/Boston/640-Morton-St-02126/home/9101720,MLS PIN,72258129,N,Y,42.2866225,-71.0932597
MLS Listing,,Condo/Co-op,170 W Broadway #212,Boston,MA,02127,649900,1,1.0,South Boston,721,,2017,3,901,235,Active,,,http://www.redfin.com/MA/Boston/170-W-Broadway-02127/unit-212/home/144357507,MLS PIN,72258117,N,Y,42.3405037,-71.0528772
MLS Listing,,Condo/Co-op,120 Bradlee St #5,Boston,MA,02316,155000,1,1.0,Hyde Park,720,720,1970,4,215,273,Active,,,http://www.redfin.com/MA/Boston/5-Bradlee-St-02136/unit-5/home/144357116,MLS PIN,72258095,N,Y,42.2665939,-71.1153387
MLS Listing,,Single Family Residential,70 Cowing St,Boston,MA,02132,649900,5,3.0,West Roxbury,2248,4308,1935,4,289,,Active,,,http://www.redfin.com/MA/Boston/70-Cowing-St-02132/home/9214874,MLS PIN,72258057,N,Y,42.2739535,-71.1486688
MLS Listing,,Condo/Co-op,3 Avery St #505,Boston,MA,02111,765000,1,2.0,Boston,1270,,2004,4,602,2050,Active,,,http://www.redfin.com/MA/Boston/3-Avery-St-02111/unit-505/home/11838490,MLS PIN,72257982,N,Y,42.3534171,-71.0625985
MLS Listing,,Multi-Family (2-4 Unit),247 Princeton St,Boston,MA,02128,950000,6,3.0,East Boston,3999,2500,1890,4,238,,Active,,,http://www.redfin.com/MA/Boston/247-Princeton-St-02128/home/9120524,MLS PIN,72257966,N,Y,42.3793473,-71.0305734
MLS Listing,,Single Family Residential,41 Telegraph St,Boston,MA,02127,999999,3,2.0,Boston,1500,1018,1890,4,667,,Active,,,http://www.redfin.com/MA/Boston/41-Telegraph-St-02127/home/9306993,MLS PIN,72257964,N,Y,42.3328062,-71.0491976
MLS Listing,,Condo/Co-op,2 W 6th #201,Boston,MA,02127,1100000,3,2.0,South Boston,1467,,2017,5,750,523,Active,,,http://www.redfin.com/MA/Boston/2-W-6th-St-02127/unit-201/home/144353427,MLS PIN,72257842,N,Y,42.3394612,-71.05709
MLS Listing,,Condo/Co-op,121 Portland St #701,Boston,MA,02114,905000,2,2.0,Midtown,764,,2017,5,1185,575,Active,,,http://www.redfin.com/MA/Boston/121-Portland-St-02114/unit-701/home/108632733,MLS PIN,72257777,N,Y,42.3635475,-71.060897
MLS Listing,,Single Family Residential,53 Sunset Hill Rd,Boston,MA,02132,649000,4,1.5,West Roxbury,1581,6057,1967,5,410,,Active,,,http://www.redfin.com/MA/Boston/53-Sunset-Hill-Rd-02132/home/9170007,MLS PIN,72257774,N,Y,42.2907436,-71.1448022
MLS Listing,,Condo/Co-op,6 Pinedale Rd #3,Boston,MA,02131,325000,2,1.0,Roslindale,755,755,1910,5,430,200,Active,,,http://www.redfin.com/MA/Boston/6-Pinedale-Rd-02131/unit-3/home/9313946,MLS PIN,72257712,N,Y,42.2777322,-71.1213038
MLS Listing,,Multi-Family (2-4 Unit),77 Keystone St,Boston,MA,02132,790000,4,2.0,West Roxbury,1764,5641,1945,5,448,,Active,,,http://www.redfin.com/MA/Boston/77-Keystone-St-02132/home/9219208,MLS PIN,72257689,N,Y,42.2690205,-71.1649398
MLS Listing,,Condo/Co-op,2 Avery St Unit 21A,Boston,MA,02111,969000,1,1.5,Midtown,803,803,2000,5,1207,1075,Active,,,http://www.redfin.com/MA/Boston/2-Avery-St-02111/unit-21A/home/11511052,MLS PIN,72257684,N,Y,42.3528703,-71.0629976
MLS Listing,,Condo/Co-op,11 Everett Ave #3,Boston,MA,02125,479000,2,1.0,Dorchester,790,,1895,5,606,176,Active,,,http://www.redfin.com/MA/Boston/11-Everett-Ave-02125/unit-3/home/113679968,MLS PIN,72257600,N,Y,42.315712,-71.06316
MLS Listing,,Condo/Co-op,20 Rowes Wharf #705,Boston,MA,02110,1950000,2,2.0,Waterfront,1401,1401,1987,5,1392,2293,Active,,,http://www.redfin.com/MA/Boston/20-Rowes-Wharf-02110/unit-705/home/9229953,MLS PIN,72257593,N,Y,42.3569094,-71.0500568
MLS Listing,,Single Family Residential,8 Peacevale Rd,Boston,MA,02124,370000,5,2.0,Dorchester Center,1889,4699,1900,6,196,,Active,,,http://www.redfin.com/MA/Boston/8-Peacevale-Rd-02124/home/9082834,MLS PIN,72257582,N,Y,42.2879147,-71.0764329
MLS Listing,,Condo/Co-op,309-311 Emerson St #18,Boston,MA,02127,369900,1,1.0,South Boston's City Point,668,,1887,6,554,297,Active,,,http://www.redfin.com/MA/Boston/309-Emerson-St-02127/unit-18/home/9197308,MLS PIN,72257475,N,Y,42.3344623,-71.0341014
MLS Listing,,Condo/Co-op,29 Lawrence Ave #1,Boston,MA,02121,389900,3,2.0,Dorchester,1151,,2017,6,339,200,Active,,,http://www.redfin.com/MA/Boston/29-Lawrence-Ave-02121/unit-1/home/144349052,MLS PIN,72257411,N,Y,42.312766,-71.0788309
MLS Listing,,Condo/Co-op,997-1003 Saratoga #3,Boston,MA,02128,379000,2,1.0,Boston,724,,1910,6,523,100,Active,,,http://www.redfin.com/MA/Boston/1003-Saratoga-St-02128/unit-3/home/21719114,MLS PIN,72257325,N,Y,42.3864843,-71.0067804
MLS Listing,,Multi-Family (2-4 Unit),323-325 Fuller St,Boston,MA,02124,725000,7,2.5,Dorchester,2928,6090,1910,7,248,,Active,,,http://www.redfin.com/MA/Boston/323-325-Fuller-St-02124/home/9088908,MLS PIN,72257287,N,Y,42.280199,-71.080636
MLS Listing,,Condo/Co-op,472 Talbot Ave #4,Boston,MA,02124,399000,2,1.0,Boston,700,,1910,8,570,200,Active,,,http://www.redfin.com/MA/Boston/472-Talbot-Ave-02124/unit-4/home/144331973,MLS PIN,72257118,N,Y,42.2888765,-71.0663355
MLS Listing,,Condo/Co-op,723 E Fifth St #1,Boston,MA,02127,739000,2,2.0,South Boston,1145,1145,1890,8,645,195,Active,,,http://www.redfin.com/MA/Boston/723-E-5th-St-02127/unit-1/home/21719492,MLS PIN,72257099,N,Y,42.3338626,-71.0308217
MLS Listing,,Condo/Co-op,5 Westglow St #1,Boston,MA,02122,299000,1,1.0,Dorchester,634,634,1959,8,472,138,Active,,,http://www.redfin.com/MA/Boston/5-Westglow-St-02122/unit-1/home/11837908,MLS PIN,72257078,N,Y,42.2887908,-71.0553329
MLS Listing,,Condo/Co-op,7 Baker Ct #5,Boston,MA,02125,739000,2,2.0,Boston,1442,,2017,8,512,375,Active,,,http://www.redfin.com/MA/Boston/7-Baker-Ct-02125/unit-5/home/144330315,MLS PIN,72257061,N,Y,42.3249374,-71.0633618
MLS Listing,,Condo/Co-op,320 Maverick #204,Boston,MA,02128,634900,2,2.0,East Boston's Jeffries Point,1087,,2017,9,584,371,Active,,,http://www.redfin.com/MA/Boston/320-Maverick-St-02128/unit-204/home/144328964,MLS PIN,72257015,N,Y,42.367161,-71.031554
MLS Listing,,Condo/Co-op,320 Maverick #207,Boston,MA,02128,448000,1,1.0,East Boston's Jeffries Point,659,,2017,9,680,234,Active,,,http://www.redfin.com/MA/Boston/320-Maverick-St-02128/unit-207/home/144328960,MLS PIN,72257014,N,Y,42.367161,-71.031554
MLS Listing,,Townhouse,22 Blue Jay Cir #601,Boston,MA,02126,355000,2,1.5,Boston,1228,,2017,9,289,382,Active,,,http://www.redfin.com/MA/Boston/22-Blue-Jay-Cir-02126/unit-601/home/144328699,MLS PIN,72256970,N,Y,42.2881294,-71.0953417
MLS Listing,,Single Family Residential,87 Byron St,Boston,MA,02128,624900,3,1.5,Orient Heights,1140,3570,1910,9,548,,Active,,,http://www.redfin.com/MA/Boston/87-Byron-St-02128/home/9121289,MLS PIN,72256967,N,Y,42.3842057,-71.0181062
MLS Listing,,Condo/Co-op,42 Eighth St #2310,Boston,MA,02129,589000,1,1.0,Charlestown,844,844,1899,9,698,607,Active,,,http://www.redfin.com/MA/Boston/42-8th-St-02129/unit-2310/home/11837797,MLS PIN,72256939,N,Y,42.3750209,-71.0523825
MLS Listing,,Single Family Residential,60 Marion St,Boston,MA,02128,435000,4,1.5,East Boston,1367,924,1880,9,318,,Active,November-29-2017 06:00 PM,November-29-2017 07:00 PM,http://www.redfin.com/MA/Boston/60-Marion-St-02128/home/9119318,MLS PIN,72256838,N,Y,42.3789268,-71.0375902
MLS Listing,,Multi-Family (2-4 Unit),12 Crowell,Boston,MA,02124,689000,6,3.0,Mattapan,3426,4520,1935,9,201,,Active,,,http://www.redfin.com/MA/Boston/12-Crowell-St-02124/home/11835161,MLS PIN,72256812,N,Y,42.283284,-71.0818613
MLS Listing,,Multi-Family (2-4 Unit),783 Washington,Boston,MA,02124,775000,8,3.0,Boston,4351,5270,1900,9,178,,Active,,,http://www.redfin.com/MA/Boston/783-Washington-St-02124/home/9090685,MLS PIN,72256805,N,Y,42.2842558,-71.0718565
MLS Listing,,Condo/Co-op,691 Massachusetts Ave #203,Boston,MA,02118,599000,1,1.0,South End,687,,2010,9,872,373,Active,,,http://www.redfin.com/MA/Boston/691-Massachusetts-Ave-02118/unit-203/home/40145881,MLS PIN,72256764,N,Y,42.335242,-71.075829
MLS Listing,,Condo/Co-op,1255 Adams St Unit WM104,Boston,MA,02124,679000,1,2.0,Dorchester's Lower Mills,1554,1554,1900,9,437,882,Active,,,http://www.redfin.com/MA/Boston/1255-Adams-St-02124/unit-WM104/home/109506057,MLS PIN,72256696,N,Y,42.2710088,-71.0686086
MLS Listing,,Condo/Co-op,6 HARTLAND St #1,Boston,MA,02125,739000,3,2.0,Dorchester's Savin Hill,1500,,2017,9,493,200,Active,,,http://www.redfin.com/MA/Boston/6-Hartland-St-02125/unit-1/home/144326757,MLS PIN,72256685,N,Y,42.3153621,-71.053457
MLS Listing,,Condo/Co-op,10 ENTERPRISE St #3,Boston,MA,02125,829000,2,2.0,Dorchester,1536,,2108,9,540,250,Active,,,http://www.redfin.com/MA/Boston/10-Enterprise-St-02125/unit-3/home/144326617,MLS PIN,72256673,N,Y,42.3237339,-71.0621913
MLS Listing,,Townhouse,329 Commonwealth Ave #1,Boston,MA,02115,2495000,3,2.0,Back Bay,1749,,1870,9,1427,635,Active,,,http://www.redfin.com/MA/Boston/329-Commonwealth-Ave-02115/unit-1/home/9243382,MLS PIN,72256663,N,Y,42.3499001,-71.0872656
MLS Listing,,Condo/Co-op,70 School St #2,Boston,MA,02119,569000,2,1.0,Jamaica Plain,1256,3500,1900,10,453,150,Active,,,http://www.redfin.com/MA/Boston/70-School-St-02119/unit-2/home/144326006,MLS PIN,72256652,N,Y,42.313884,-71.098857
MLS Listing,,Townhouse,128 Kenrick St #2,Boston,MA,02135,749900,4,3.0,Brighton,1815,1815,2007,10,413,352,Active,,,http://www.redfin.com/MA/Boston/128-Kenrick-St-02135/unit-2/home/25714541,MLS PIN,72256564,N,Y,42.346371,-71.1683615
MLS Listing,,Single Family Residential,11 Vista St,Boston,MA,02131,775000,4,2.5,Roslindale,2203,5600,1900,10,352,,Active,,,http://www.redfin.com/MA/Boston/11-Vista-St-02131/home/144350545,MLS PIN,72256561,N,Y,42.2788573,-71.1307327
MLS Listing,,Condo/Co-op,22 Mercer St #2,Boston,MA,02127,899900,3,3.0,South Boston,1262,,1880,10,713,200,Active,,,http://www.redfin.com/MA/Boston/22-Mercer-St-02127/unit-2/home/144325010,MLS PIN,72256475,N,Y,42.3330529,-71.0488809
MLS Listing,,Condo/Co-op,92 Chandler St #1,Boston,MA,02116,1995000,2,2.5,South End,1393,1742,1885,10,1432,322,Active,,,http://www.redfin.com/MA/Boston/92-Chandler-St-02116/unit-1/home/39930628,MLS PIN,72256473,N,Y,42.346351,-71.0726991
MLS Listing,,Condo/Co-op,500 Atlantic Ave Unit 14Q,Boston,MA,02210,579000,0,1.0,Waterfront,424,424,2006,10,1366,706,Active,,,http://www.redfin.com/MA/Boston/500-Atlantic-Ave-02210/unit-14Q/home/12439760,MLS PIN,72256457,N,Y,42.3539332,-71.0519953
MLS Listing,,Townhouse,156 Highland St #156,Boston,MA,02119,639000,2,1.0,Roxbury's Fort Hill,1678,,2017,10,381,337,Active,,,http://www.redfin.com/MA/Boston/156-Highland-St-02119/unit-156/home/144324849,MLS PIN,72256452,N,Y,42.32476,-71.0928829
MLS Listing,,Multi-Family (2-4 Unit),326 Chelsea St,Boston,MA,02128,1150000,8,3.0,East Boston,3183,2500,1915,10,361,,Active,,,http://www.redfin.com/MA/Boston/326-Chelsea-St-02128/home/9118633,MLS PIN,72256445,N,Y,42.3774587,-71.0303086
MLS Listing,,Condo/Co-op,212-214 Westville St #2,Boston,MA,02122,549000,3,3.0,Dorchester's Fields Corner,1665,6965,2017,10,330,200,Active,,,http://www.redfin.com/MA/Boston/214-Westville-St-02122/unit-2/home/144324825,MLS PIN,72256447,N,Y,42.3018521,-71.0646099
MLS Listing,,Condo/Co-op,22 Mercer St #1,Boston,MA,02127,599900,1,2.5,South Boston,1114,,1880,10,539,175,Active,,,http://www.redfin.com/MA/Boston/22-Mercer-St-02127/unit-1/home/144324824,MLS PIN,72256446,N,Y,42.3330529,-71.0488809
MLS Listing,,Condo/Co-op,1218 Vfw Pkwy #50,Boston,MA,02132,379000,2,2.0,West Roxbury,1036,1036,1986,10,366,332,Active,,,http://www.redfin.com/MA/Boston/1210-1218-Veterans-of-Foreign-Wars-Pkwy-02132/unit-50/home/9201313,MLS PIN,72256404,N,Y,42.2789235,-71.170962
MLS Listing,,Condo/Co-op,7 Langford Park #3,Boston,MA,02119,499000,3,2.0,Roxbury,1127,,1905,10,443,181,Active,,,http://www.redfin.com/MA/Boston/7-Langford-Park-02119/unit-3/home/144324589,MLS PIN,72256399,N,Y,42.3221411,-71.0797212
MLS Listing,,Single Family Residential,141 I,Boston,MA,02127,799000,3,2.0,South Boston,1300,1434,1930,10,615,,Active,,,http://www.redfin.com/MA/Boston/141-I-St-02127/home/9187859,MLS PIN,72256379,N,Y,42.3334175,-71.0401456
MLS Listing,,Multi-Family (2-4 Unit),67 Cottage St,Boston,MA,02128,690000,3,3.0,East Boston's Jeffries Point,1800,1000,1899,10,383,,Active,,,http://www.redfin.com/MA/Boston/67-Cottage-St-02128/home/9115911,MLS PIN,72256371,N,Y,42.3672942,-71.035364
MLS Listing,,Condo/Co-op,382 Commonwealth Ave #51,Boston,MA,02215,1249000,2,1.5,Boston,1121,,1900,10,1114,666,Active,,,http://www.redfin.com/MA/Boston/382-Commonwealth-Ave-02215/unit-51/home/9271957,MLS PIN,72256348,N,Y,42.3487851,-71.0895975
MLS Listing,,Condo/Co-op,42 8Th St #3402,Boston,MA,02129,679000,2,2.0,Charlestown,923,,1899,10,736,739,Active,,,http://www.redfin.com/MA/Boston/42-8th-St-02129/unit-3402/home/9326820,MLS PIN,72256300,N,Y,42.3750209,-71.0523825
MLS Listing,,Multi-Family (2-4 Unit),63-65 Bynner St,Boston,MA,02130,1295000,8,4.0,Jamaica Plain,2252,3532,1987,10,575,,Active,,,http://www.redfin.com/MA/Boston/65-Bynner-St-02130/home/9140957,MLS PIN,72256294,N,Y,42.3238958,-71.1113545
MLS Listing,,Multi-Family (2-4 Unit),227 Willow St,Boston,MA,02132,675000,4,2.0,West Roxbury,1618,5000,1920,10,417,,Active,,,http://www.redfin.com/MA/Boston/227-Willow-St-02132/home/9202745,MLS PIN,72256266,N,Y,42.2935767,-71.1568654
MLS Listing,,Townhouse,241 Perkins St Unit I202,Boston,MA,02130,749900,2,2.0,Jamaica Plain,1556,1852,1976,10,482,806,Active,,,http://www.redfin.com/MA/Boston/241-Perkins-St-02130/unit-I202/home/9143319,MLS PIN,72256243,N,Y,42.3211522,-71.1235806
MLS Listing,,Condo/Co-op,677 Massachusetts Ave #3,Boston,MA,02118,485000,1,1.0,Boston,670,670,1899,10,724,289,Active,,,http://www.redfin.com/MA/Boston/677-Massachusetts-Ave-02118/unit-3/home/9320000,MLS PIN,72256229,N,Y,42.335543,-71.076199
MLS Listing,,Condo/Co-op,333 Commonwealth Ave #16,Boston,MA,02115,1525000,2,2.0,Back Bay,1425,,1895,10,1070,844,Active,,,http://www.redfin.com/MA/Boston/333-Commonwealth-Ave-02115/unit-16/home/9243432,MLS PIN,72256208,N,Y,42.3498629,-71.0875035
MLS Listing,,Condo/Co-op,160 Commonwealth Ave #318,Boston,MA,02116,1499900,2,2.0,Back Bay,1410,,1871,11,1064,1218,Active,,,http://www.redfin.com/MA/Boston/160-Commonwealth-Ave-02116/unit-318/home/9265210,MLS PIN,72256110,N,Y,42.3512626,-71.0786231
MLS Listing,,Condo/Co-op,140 Shawmut Ave Unit 3A,Boston,MA,02118,1850000,3,2.5,South End,1859,,2017,11,995,946,Active,,,http://www.redfin.com/MA/Boston/140-Shawmut-Ave-02118/unit-3A/home/144161805,MLS PIN,72256099,N,Y,42.3459437,-71.06581
MLS Listing,,Condo/Co-op,63 Maverick Sq #11,Boston,MA,02128,599000,1,1.0,East Boston,1471,,1930,11,407,548,Active,,,http://www.redfin.com/MA/Boston/63-Maverick-Sq-02128/unit-11/home/9112451,MLS PIN,72256072,N,Y,42.3695095,-71.038726
MLS Listing,,Condo/Co-op,46 Woodward #46,Boston,MA,02127,899000,3,2.5,South Boston,1980,,2017,11,454,200,Active,,,http://www.redfin.com/MA/Boston/46-Woodward-St-02127/unit-46/home/144322186,MLS PIN,72256064,N,Y,42.331,-71.0555389
MLS Listing,,Condo/Co-op,96 Neponset Ave #1,Boston,MA,02122,629000,2,2.0,Dorchester's Neponset,1711,1281,2008,11,368,206,Active,,,http://www.redfin.com/MA/Boston/96-Neponset-Ave-02122/unit-1/home/16879899,MLS PIN,72256056,N,Y,42.2950606,-71.0528556
MLS Listing,,Condo/Co-op,651 E Sixth St Unit B,Boston,MA,02127,615000,2,1.0,South Boston,1065,,1905,11,577,225,Active,,,http://www.redfin.com/MA/Boston/651-E-6th-St-02127/unit-B/home/144322131,MLS PIN,72256049,N,Y,42.332894,-71.034402
MLS Listing,,Townhouse,8-R Mount Vernon St #7,Boston,MA,02125,749000,2,2.0,Dorchester,1690,1690,1900,11,443,459,Active,,,http://www.redfin.com/MA/Boston/8-Mount-Vernon-St-02125/unit-7/home/9062821,MLS PIN,72256037,N,Y,42.3228412,-71.0596535
MLS Listing,,Townhouse,10 ENTERPRISE St #1,Boston,MA,02125,929000,3,3.0,Dorchester,2000,,2018,11,465,300,Active,,,http://www.redfin.com/MA/Boston/10-Enterprise-St-02125/unit-1/home/144322096,MLS PIN,72256036,N,Y,42.3237339,-71.0621913
MLS Listing,,Condo/Co-op,10 ENTERPRISE St #2,Boston,MA,02125,699000,2,2.0,Dorchester,1200,,2107,11,583,200,Active,,,http://www.redfin.com/MA/Boston/10-Enterprise-St-02125/unit-2/home/144322095,MLS PIN,72256035,N,Y,42.3237339,-71.0621913
MLS Listing,,Condo/Co-op,150 Staniford St #905,Boston,MA,02114,739000,2,2.0,West End,1033,,1997,11,715,1757,Active,,,http://www.redfin.com/MA/Boston/150-Staniford-St-02114/unit-905/home/28623272,MLS PIN,72255978,N,Y,42.3644346,-71.0641088
MLS Listing,,Condo/Co-op,90 Wareham St #303,Boston,MA,02118,789000,1,1.0,South End,830,,2006,11,951,405,Active,,,http://www.redfin.com/MA/Boston/90-Wareham-St-02118/unit-303/home/39912619,MLS PIN,72255967,N,Y,42.3387161,-71.0666318
MLS Listing,,Multi-Family (2-4 Unit),121 Florence St,Boston,MA,02131,629900,7,2.0,Roslindale,2408,6190,1900,11,262,,Active,,,http://www.redfin.com/MA/Boston/121-Florence-St-02131/home/9178991,MLS PIN,72255963,N,Y,42.2865913,-71.1236621
MLS Listing,,Condo/Co-op,40 Traveler St #405,Boston,MA,02118,815000,1,1.0,South End,742,,2018,11,1098,534,Active,,,http://www.redfin.com/MA/Boston/40-Traveler-St-02118/unit-405/home/112388606,MLS PIN,72255915,N,Y,42.3443789,-71.0635677
MLS Listing,,Condo/Co-op,11 Gaylord St #3,Boston,MA,02124,299900,3,1.0,Dorchester's Dorchester Center,1414,,1900,11,212,292,Active,,,http://www.redfin.com/MA/Boston/11-Gaylord-St-02124/unit-3/home/9064296,MLS PIN,72255803,N,Y,42.2986218,-71.0738417
MLS Listing,,Condo/Co-op,74 Kingsdale St #3,Boston,MA,02124,449000,3,2.0,Dorchester,1500,,1911,11,299,150,Active,,,http://www.redfin.com/MA/Boston/74-Kingsdale-St-02124/unit-3/home/144320252,MLS PIN,72255786,N,Y,42.2944451,-71.0827652
MLS Listing,,Condo/Co-op,74 Kingsdale St #2,Boston,MA,02124,419000,3,2.0,Dorchester,1400,,1911,11,299,150,Active,,,http://www.redfin.com/MA/Boston/74-Kingsdale-St-02124/unit-2/home/144320251,MLS PIN,72255784,N,Y,42.2944451,-71.0827652
MLS Listing,,Condo/Co-op,74 Kingsdale St #1,Boston,MA,02124,409000,3,2.0,Dorchester,1400,,1911,11,292,150,Active,,,http://www.redfin.com/MA/Boston/74-Kingsdale-St-02124/unit-1/home/144320237,MLS PIN,72255779,N,Y,42.2944451,-71.0827652
MLS Listing,,Single Family Residential,42 Freeman Ave,Boston,MA,02132,419000,3,1.5,West Roxbury,1440,4910,1973,11,291,,Active,,,http://www.redfin.com/MA/Boston/42-Freeman-Ave-02132/home/9220636,MLS PIN,72255744,N,Y,42.2635979,-71.1574325
MLS Listing,,Single Family Residential,127 Carolina Ave,Boston,MA,02130,975000,4,2.5,Sumner Hill,1871,3162,1927,11,521,,Active,,,http://www.redfin.com/MA/Boston/127-Carolina-Ave-02130/home/9148943,MLS PIN,72255675,N,Y,42.3078148,-71.110587
MLS Listing,,Single Family Residential,360 Arborway,Boston,MA,02130,2295000,5,3.5,Jamaica Plain,4527,8151,1925,11,507,,Active,,,http://www.redfin.com/MA/Boston/360-Arborway-02130/home/9150433,MLS PIN,72255674,N,Y,42.3035152,-71.1175004
MLS Listing,,Condo/Co-op,45 Province St #1603,Boston,MA,02108,1399000,2,2.0,Midtown,1117,1117,2007,12,1252,880,Active,,,http://www.redfin.com/MA/Boston/45-Province-St-02108/unit-1603/home/39913145,MLS PIN,72255618,N,Y,42.3572817,-71.0599532
MLS Listing,,Townhouse,132 Rowe St #132,Boston,MA,02131,529000,3,1.5,Roslindale,1428,,1987,12,370,300,Active,,,http://www.redfin.com/MA/Boston/132-Rowe-St-02131/unit-132/home/144317885,MLS PIN,72255548,N,Y,42.2803821,-71.1205287
MLS Listing,,Condo/Co-op,126 Salem St Ph 8,Boston,MA,02113,1295000,2,1.5,North End,1065,,2017,12,1216,532,Active,,,http://www.redfin.com/MA/Boston/126-Salem-St-02113/unit-8/home/144317795,MLS PIN,72255527,N,Y,42.364963,-71.055657
MLS Listing,,Condo/Co-op,126 Salem St #6,Boston,MA,02113,949000,2,1.0,North End,827,,2017,12,1148,413,Active,,,http://www.redfin.com/MA/Boston/126-Salem-St-02113/unit-6/home/144317794,MLS PIN,72255526,N,Y,42.364963,-71.055657
MLS Listing,,Multi-Family (2-4 Unit),50 Lithgow St,Boston,MA,02124,849800,9,3.0,Dorchester,3513,5326,1905,12,242,,Active,,,http://www.redfin.com/MA/Boston/50-Lithgow-St-02124/home/9068727,MLS PIN,72255524,N,Y,42.2904493,-71.0687766
MLS Listing,,Condo/Co-op,1650 Commonwealth #301,Boston,MA,02135,799000,2,1.0,Brighton,857,,2017,12,932,537,Active,,,http://www.redfin.com/MA/Boston/1650-Commonwealth-Ave-02135/unit-301/home/144317625,MLS PIN,72255499,N,Y,42.3418247,-71.1436113
MLS Listing,,Condo/Co-op,1650 Commonwealth #202,Boston,MA,02135,629000,1,1.0,Brighton,676,,2017,12,930,429,Active,,,http://www.redfin.com/MA/Boston/1650-Commonwealth-Ave-02135/unit-202/home/144317614,MLS PIN,72255495,N,Y,42.3418247,-71.1436113
MLS Listing,,Townhouse,364-366 Neponset Ave #1,Boston,MA,02122,699999,3,2.5,Boston,1694,,2017,12,413,300,Active,,,http://www.redfin.com/MA/Boston/364-366-Neponset-Ave-02122/unit-1/home/144317160,MLS PIN,72255425,N,Y,42.2871809,-71.0451
MLS Listing,,Townhouse,90 Parsons St #90,Boston,MA,02135,839000,3,3.5,Brighton,1685,,2017,12,498,9999,Active,,,http://www.redfin.com/MA/Boston/90-Parsons-St-02135/unit-90/home/144317142,MLS PIN,72255422,N,Y,42.353283,-71.1543533
MLS Listing,,Condo/Co-op,330 E St #1,Boston,MA,02127,749000,2,1.0,Boston,1271,,1899,12,589,348,Active,,,http://www.redfin.com/MA/Boston/330-E-St-02127/unit-1/home/35623549,MLS PIN,72255412,N,Y,42.338155,-71.0490501
MLS Listing,,Townhouse,364-366 Neponset Ave #6,Boston,MA,02122,750000,3,2.5,Dorchester's Neponset,1595,,2017,12,470,300,Active,,,http://www.redfin.com/MA/Boston/364-366-Neponset-Ave-02122/unit-6/home/144317055,MLS PIN,72255402,N,Y,42.2871809,-71.0451
MLS Listing,,Multi-Family (2-4 Unit),9 Harvard Park,Boston,MA,02124,499999,7,3.0,Boston,2789,4100,1925,12,179,,Active,,,http://www.redfin.com/MA/Boston/9-Harvard-Park-02124/home/9065436,MLS PIN,72255394,N,Y,42.2985306,-71.0745835
MLS Listing,,Condo/Co-op,357 Commercial St #811,Boston,MA,02109,1075000,2,1.5,Waterfront,1223,,1987,12,879,884,Active,,,http://www.redfin.com/MA/Boston/357-Commercial-St-02109/unit-811/home/9230615,MLS PIN,72255340,N,Y,42.3660409,-71.0506927
MLS Listing,,Multi-Family (2-4 Unit),61 Condor St,Boston,MA,02128,849999,6,3.0,East Boston,2568,2187,1900,12,331,,Active,,,http://www.redfin.com/MA/Boston/61-Condor-St-02128/home/9113283,MLS PIN,72255304,N,Y,42.3824555,-71.0379479
MLS Listing,,Condo/Co-op,20 Rowes Wharf #302,Boston,MA,02110,1375000,1,1.5,Waterfront,981,,1987,12,1402,1297,Active,,,http://www.redfin.com/MA/Boston/20-Rowes-Wharf-02110/unit-302/home/9229836,MLS PIN,72255238,N,Y,42.3569094,-71.0500568
MLS Listing,,Multi-Family (2-4 Unit),93 Devon St,Boston,MA,02121,699000,8,3.0,Boston,4069,4236,1900,13,172,,Active,,,http://www.redfin.com/MA/Boston/93-Devon-St-02121/home/9069548,MLS PIN,72255169,N,Y,42.3091337,-71.0788618
MLS Listing,,Multi-Family (2-4 Unit),3 Florida St,Boston,MA,02124,999000,6,3.0,Boston,3431,6952,1890,13,291,,Active,,,http://www.redfin.com/MA/Boston/3-Florida-St-02124/home/9083254,MLS PIN,72255161,N,Y,42.2921293,-71.06055
MLS Listing,,Condo/Co-op,12 Upham Ave #1,Boston,MA,02125,567000,2,2.0,Dorchester's Uphams Corner,1446,1446,1920,13,392,220,Active,,,http://www.redfin.com/MA/Boston/12-Upham-Ave-02125/unit-1/home/18995444,MLS PIN,72255138,N,Y,42.3155246,-71.0649744
MLS Listing,,Condo/Co-op,21 Wormwood St #620,Boston,MA,02210,1275000,2,1.0,Seaport District,1324,1324,1900,13,963,422,Active,,,http://www.redfin.com/MA/Boston/21-Wormwood-St-02210/unit-620/home/9304263,MLS PIN,72255087,N,Y,42.3471212,-71.0501184
MLS Listing,,Condo/Co-op,100 Lovejoy Pl Unit 6E,Boston,MA,02114,1085000,1,1.0,Waterfront,940,,2017,13,1154,970,Active,,,http://www.redfin.com/MA/Boston/100-Lovejoy-Pl-02114/unit-6E/home/144310550,MLS PIN,72255019,N,Y,42.3672009,-71.0590324
MLS Listing,,Condo/Co-op,100 Lovejoy Pl Unit 11P,Boston,MA,02114,860000,1,1.0,Waterfront,750,,2017,13,1147,795,Active,,,http://www.redfin.com/MA/Boston/100-Lovejoy-Pl-02114/unit-11P/home/144310395,MLS PIN,72254992,N,Y,42.3672009,-71.0590324
MLS Listing,,Condo/Co-op,100 Lovejoy Pl Unit 11Q,Boston,MA,02114,660000,0,1.0,Waterfront,602,,2017,13,1096,654,Active,,,http://www.redfin.com/MA/Boston/100-Lovejoy-Pl-02114/unit-11Q/home/144310309,MLS PIN,72254989,N,Y,42.3672009,-71.0590324
MLS Listing,,Condo/Co-op,100 Lovejoy Pl Unit 11C,Boston,MA,02114,1590000,2,2.0,Waterfront,1279,,2017,13,1243,1683,Active,,,http://www.redfin.com/MA/Boston/100-Lovejoy-Pl-02114/unit-11C/home/144310302,MLS PIN,72254988,N,Y,42.3672009,-71.0590324
MLS Listing,,Condo/Co-op,100 Lovejoy Pl Unit 6K,Boston,MA,02114,1395000,2,2.0,Waterfront,1365,,2017,13,1022,1777,Active,,,http://www.redfin.com/MA/Boston/100-Lovejoy-Pl-02114/unit-6K/home/113846737,MLS PIN,72254982,N,Y,42.367026225086,-71.060010759663
MLS Listing,,Condo/Co-op,100 Lovejoy Pl Unit 11A,Boston,MA,02114,995000,1,1.0,Waterfront,873,,2017,13,1140,954,Active,,,http://www.redfin.com/MA/Boston/100-Lovejoy-Pl-02114/unit-11A/home/144310263,MLS PIN,72254977,N,Y,42.3672009,-71.0590324
MLS Listing,,Condo/Co-op,45 W THIRD St #512,Boston,MA,02127,1320000,2,2.0,South Boston,1406,,2018,13,939,758,Active,,,http://www.redfin.com/MA/Boston/45-W-3rd-St-02127/unit-512/home/144309861,MLS PIN,72254918,N,Y,42.3422805,-71.0542439
MLS Listing,,Condo/Co-op,45 W THIRD St #415,Boston,MA,02127,1175000,2,2.0,South Boston,1246,,2018,13,943,675,Active,,,http://www.redfin.com/MA/Boston/45-W-3rd-St-02127/unit-415/home/113353878,MLS PIN,72254904,N,Y,42.3423697,-71.0542387
MLS Listing,,Condo/Co-op,45 W THIRD St #411,Boston,MA,02127,915000,1,1.5,South Boston,1038,,2018,13,882,525,Active,,,http://www.redfin.com/MA/Boston/45-W-3rd-St-02127/unit-411/home/113446889,MLS PIN,72254902,N,Y,42.3423697,-71.0542387
MLS Listing,,Condo/Co-op,2 Avery St Unit 35B,Boston,MA,02111,1495000,1,2.0,Midtown,1032,,2000,13,1449,1579,Active,,,http://www.redfin.com/MA/Boston/2-Avery-St-02111/unit-35B/home/9313210,MLS PIN,72254863,N,Y,42.3528703,-71.0629976
MLS Listing,,Condo/Co-op,984 Memorial Dr #404,Cambridge,MA,02138,1695000,3,2.0,Cambridge,1516,,1917,13,1118,1409,Active,,,http://www.redfin.com/MA/Cambridge/984-Memorial-Dr-02138/unit-404/home/55088986,MLS PIN,72254828,N,Y,42.3725683,-71.1251506
MLS Listing,,Multi-Family (2-4 Unit),197-199 N St,Boston,MA,02127,2000000,7,5.0,South Boston,3650,1752,1890,14,548,,Active,,,http://www.redfin.com/MA/Boston/199-N-St-02127/home/9191749,MLS PIN,72254774,N,Y,42.3317215,-71.0312642
MLS Listing,,Multi-Family (2-4 Unit),3266 Washington St,Boston,MA,02130,1300000,8,3.0,Jamaica Plain,3492,4867,1905,14,372,,Active,,,http://www.redfin.com/MA/Boston/3266-Washington-St-02130/home/9146247,MLS PIN,72254713,N,Y,42.3111489,-71.1025584
MLS Listing,,Townhouse,92 Parsons St #92,Boston,MA,02135,819000,3,3.5,Brighton,1669,,2017,14,491,9999,Active,,,http://www.redfin.com/MA/Boston/92-Parsons-St-02135/unit-92/home/144291303,MLS PIN,72254676,N,Y,42.3533437,-71.1543855
MLS Listing,,Condo/Co-op,770 E 4Th St #2,Boston,MA,02127,859900,2,2.5,South Boston,1500,1500,1890,14,573,150,Active,,,http://www.redfin.com/MA/Boston/770-E-4th-St-02127/unit-2/home/26771386,MLS PIN,72254652,N,Y,42.3349624,-71.032898
MLS Listing,,Single Family Residential,45 Humphreys St,Boston,MA,02125,650000,3,1.5,Dorchester,1701,2685,1900,15,382,,Active,December-2-2017 02:00 PM,December-2-2017 04:00 PM,http://www.redfin.com/MA/Boston/45-Humphreys-St-02125/home/9064642,MLS PIN,72254563,N,Y,42.3191424,-71.0672155
MLS Listing,,Condo/Co-op,15 Gibson St #2,Boston,MA,02122,430000,2,1.5,Dorchester's Fields Corner,1129,,1905,16,381,200,Active,,,http://www.redfin.com/MA/Boston/15-Gibson-St-02122/unit-2/home/21718371,MLS PIN,72254511,N,Y,42.2971519,-71.060065
MLS Listing,,Single Family Residential,11 Ernest Ave,Boston,MA,02136,350000,2,1.5,Boston,1450,7728,1950,16,241,,Active,,,http://www.redfin.com/MA/Boston/11-Ernest-Ave-02136/home/21719618,MLS PIN,72254487,N,Y,42.2414677,-71.1429702
MLS Listing,,Condo/Co-op,52 Melrose St #1,Boston,MA,02116,1495000,2,2.5,Bay Village,1354,,2017,16,1104,154,Active,,,http://www.redfin.com/MA/Boston/52-Melrose-St-02116/unit-1/home/109005814,MLS PIN,72254421,N,Y,42.3488878,-71.0689707
MLS Listing,,Single Family Residential,133 Chestnut St,Brookline,MA,02445,1399000,3,3.5,Brookline,1855,6089,2017,16,754,,Active,,,http://www.redfin.com/MA/Brookline/133-Chestnut-St-02445/home/11491921,MLS PIN,72254413,N,Y,42.3246079,-71.1234001
MLS Listing,,Condo/Co-op,133 Chestnut St Unit B,Brookline,MA,02445,1399000,3,3.5,Brookline,1855,6089,2017,16,754,250,Active,,,http://www.redfin.com/MA/Brookline/133-Chestnut-St-02445/unit-B/home/144287134,MLS PIN,72254411,N,Y,42.3246079,-71.1234001
MLS Listing,,Single Family Residential,236 Manthorne Rd,Boston,MA,02132,599000,3,1.5,West Roxbury,1800,5000,1938,16,333,,Active,,,http://www.redfin.com/MA/Boston/236-Manthorne-Rd-02132/home/9202546,MLS PIN,72254379,N,Y,42.294735,-71.1563489
MLS Listing,,Multi-Family (2-4 Unit),119 Hazelton,Boston,MA,02126,590000,6,2.0,Mattapan,3467,6256,1920,16,170,,Active,,,http://www.redfin.com/MA/Boston/119-Hazleton-St-02126/home/144286532,MLS PIN,72254306,N,Y,42.2821033,-71.097222
MLS Listing,,Condo/Co-op,177 Coleridge St #2,Boston,MA,02128,649000,2,2.0,Boston,1086,,1900,16,598,400,Active,,,http://www.redfin.com/MA/Boston/177-Coleridge-St-02128/unit-2/home/144285822,MLS PIN,72254198,N,Y,42.381352,-71.0129499
MLS Listing,,Single Family Residential,287 Main St,Boston,MA,02129,525000,0,0.5,Charlestown,1000,1042,1900,16,525,,Active,,,http://www.redfin.com/MA/Boston/287-Main-St-02129/home/41363764,MLS PIN,72254139,N,Y,42.377698,-71.0669354
MLS Listing,,Condo/Co-op,25-29 Isabella St #1,Boston,MA,02116,2475000,2,2.5,Bay Village,2065,,2018,16,1199,825,Active,,,http://www.redfin.com/MA/Boston/29-Isabella-St-02116/unit-1/home/144285267,MLS PIN,72254108,N,Y,42.3489473,-71.0704614
MLS Listing,,Condo/Co-op,45 W THIRD St #315,Boston,MA,02127,899000,1,1.0,South Boston,959,,2018,16,937,516,Active,,,http://www.redfin.com/MA/Boston/45-W-3rd-St-02127/unit-315/home/113220869,MLS PIN,72254099,N,Y,42.3423697,-71.0542387
MLS Listing,,Condo/Co-op,45 W THIRD St #324,Boston,MA,02127,1025000,2,2.0,South Boston,1092,,2018,16,939,589,Active,,,http://www.redfin.com/MA/Boston/45-W-3rd-St-02127/unit-324/home/144285227,MLS PIN,72254098,N,Y,42.3422805,-71.0542439
MLS Listing,,Condo/Co-op,45 W THIRD St #202,Boston,MA,02127,835000,1,1.0,South Boston,910,,2018,16,918,479,Active,,,http://www.redfin.com/MA/Boston/45-W-3rd-St-02127/unit-202/home/109474348,MLS PIN,72254097,N,Y,42.3423697,-71.0542387
MLS Listing,,Condo/Co-op,45 W THIRD St #205,Boston,MA,02127,1075000,2,2.5,South Boston,1128,,2018,16,953,617,Active,,,http://www.redfin.com/MA/Boston/45-W-3rd-St-02127/unit-205/home/129951426,MLS PIN,72254096,N,Y,42.3422805,-71.0542439
MLS Listing,,Multi-Family (2-4 Unit),92 Whitfield St,Boston,MA,02124,649900,9,3.5,Dorchester's Codman Square,3068,4500,1988,16,212,,Active,,,http://www.redfin.com/MA/Boston/92-Whitfield-St-02124/home/11834284,MLS PIN,72254080,N,Y,42.2925401,-71.0750348
MLS Listing,,Condo/Co-op,85 E India Row Unit 33H,Boston,MA,02110,729000,1,1.0,Waterfront,880,880,1972,17,828,911,Active,,,http://www.redfin.com/MA/Boston/85-E-India-Row-02110/unit-33H/home/9261821,MLS PIN,72253953,N,Y,42.3581173,-71.0497989
MLS Listing,,Condo/Co-op,140 Shawmut Ave Unit 2H,Boston,MA,02118,2200000,3,2.5,South End,1796,,2017,17,1225,1047,Active,,,http://www.redfin.com/MA/Boston/140-Shawmut-Ave-02118/unit-2H/home/103785587,MLS PIN,72253942,N,Y,42.3459437,-71.06581
MLS Listing,,Townhouse,70 Franklin St Unit 70A,Boston,MA,02134,625000,2,2.0,Allston,1620,1620,1986,17,386,300,Active,,,http://www.redfin.com/MA/Boston/70-Franklin-St-02134/unit-70A/home/8987544,MLS PIN,72253903,N,Y,42.3580551,-71.1331991
MLS Listing,,Condo/Co-op,154-156 L St #2,Boston,MA,02127,775000,2,2.0,Boston,1335,1335,1885,17,581,200,Active,,,http://www.redfin.com/MA/Boston/156-L-St-02127/unit-2/home/21941772,MLS PIN,72253894,N,Y,42.3326729,-71.0350657
MLS Listing,,Condo/Co-op,80 Broad St #904,Boston,MA,02110,1450000,2,2.0,Waterfront,1282,1282,2006,17,1131,1285,Active,,,http://www.redfin.com/MA/Boston/80-Broad-St-02110/unit-904/home/12439667,MLS PIN,72253893,N,Y,42.3577317,-71.0528044
MLS Listing,,Condo/Co-op,121 Portland St #704,Boston,MA,02114,774000,1,1.0,Midtown,682,,2016,17,1135,516,Active,,,http://www.redfin.com/MA/Boston/121-Portland-St-02114/unit-704/home/144283659,MLS PIN,72253885,N,Y,42.3635507,-71.0604554
MLS Listing,,Condo/Co-op,121 Portland St #208,Boston,MA,02114,785000,1,1.0,North End,814,,2016,17,964,501,Active,,,http://www.redfin.com/MA/Boston/121-Portland-St-02114/unit-208/home/108467982,MLS PIN,72253879,N,Y,42.3635475,-71.060897
MLS Listing,,Condo/Co-op,121 Portland St #703,Boston,MA,02114,674000,1,1.0,North End,619,,2016,17,1089,472,Active,,,http://www.redfin.com/MA/Boston/121-Portland-St-02114/unit-703/home/113913103,MLS PIN,72253883,N,Y,42.3635475,-71.060897
MLS Listing,,Condo/Co-op,107 Jersey St #16,Boston,MA,02215,649900,2,1.0,The Fenway,684,684,1930,17,950,305,Active,,,http://www.redfin.com/MA/Boston/107-Jersey-St-02215/unit-16/home/9274525,MLS PIN,72253882,N,Y,42.3431192,-71.0972506
MLS Listing,,Condo/Co-op,121 Portland St #204,Boston,MA,02114,815000,1,1.5,Midtown,788,,2016,17,1034,511,Active,,,http://www.redfin.com/MA/Boston/121-Portland-St-02114/unit-204/home/77423192,MLS PIN,72253873,N,Y,42.3635507,-71.0604554
MLS Listing,,Multi-Family (2-4 Unit),2 Westerly St,Boston,MA,02130,1599000,11,4.0,Boston,3438,2760,1930,17,465,,Active,,,http://www.redfin.com/MA/Boston/2-Westerly-St-02130/home/9140108,MLS PIN,72253838,N,Y,42.322803,-71.106773
MLS Listing,,Single Family Residential,1885 Hyde Park Ave,Boston,MA,02136,465000,3,2.0,Hyde Park's Readville,1493,7500,1920,17,311,,Active,,,http://www.redfin.com/MA/Boston/1885-Hyde-Park-Ave-02136/home/9134857,MLS PIN,72253814,N,Y,42.2347206,-71.1334589
MLS Listing,,Condo/Co-op,278 Clarendon St #1,Boston,MA,02116,624900,1,1.0,Back Bay,767,,1910,17,815,385,Active,,,http://www.redfin.com/MA/Boston/278-Clarendon-St-02116/unit-1/home/9237491,MLS PIN,72253802,N,Y,42.3539271,-71.0769764
MLS Listing,,Condo/Co-op,417 Bunker Hill St #2,Boston,MA,02129,925000,3,2.0,Charlestown,1371,1169,1890,17,675,200,Active,,,http://www.redfin.com/MA/Boston/417-Bunker-Hill-St-02129/unit-2/home/144283236,MLS PIN,72253790,N,Y,42.3829645,-71.0703799
MLS Listing,,Condo/Co-op,28 Ferndale St #2,Boston,MA,02124,299900,3,2.0,Dorchester's Codman Square,1091,1091,1991,17,275,350,Active,,,http://www.redfin.com/MA/Boston/28-Ferndale-St-02124/unit-2/home/9064333,MLS PIN,72253788,N,Y,42.2887909,-71.0775508
MLS Listing,,Condo/Co-op,2039 Commonwealth Ave #1,Boston,MA,02135,445000,3,1.0,Brighton,810,,1920,17,549,316,Active,,,http://www.redfin.com/MA/Boston/2039-Commonwealth-Ave-02135/unit-1/home/9039121,MLS PIN,72253776,N,Y,42.3403265,-71.16006
MLS Listing,,Condo/Co-op,304 Neponset #1,Boston,MA,02122,489000,2,2.0,Dorchester's Neponset,809,,2017,17,604,175,Active,,,http://www.redfin.com/MA/Boston/304-Neponset-Ave-02122/unit-1/home/143849544,MLS PIN,72253659,N,Y,42.2888651,-71.047217
MLS Listing,,Condo/Co-op,304 Neponset #3,Boston,MA,02122,539000,2,2.5,Dorchester's Neponset,1288,,2017,17,418,195,Active,,,http://www.redfin.com/MA/Boston/304-Neponset-Ave-02122/unit-3/home/143849549,MLS PIN,72253657,N,Y,42.2888651,-71.047217
MLS Listing,,Townhouse,224 Allandale Rd Unit A,Boston,MA,02467,1599000,4,4.5,West Roxbury's Chestnut Hill,4770,6753,1994,17,335,1920,Active,,,http://www.redfin.com/MA/Boston/200-234-Allandale-Rd-02467/unit-A/home/9300004,MLS PIN,72253585,N,Y,42.301738,-71.1391175
MLS Listing,,Townhouse,27 Marcella St #4,Boston,MA,02119,665000,3,2.5,Roxbury's Fort Hill,1721,8877,2017,17,386,280,Active,,,http://www.redfin.com/MA/Boston/27-Marcella-St-02119/unit-4/home/122343354,MLS PIN,72253528,N,Y,42.3219046,-71.0946942
MLS Listing,,Condo/Co-op,86 Sanborn Ave #1,Boston,MA,02132,459900,3,1.0,West Roxbury,1133,1133,1930,17,406,205,Active,,,http://www.redfin.com/MA/Boston/86-Sanborn-Ave-02132/unit-1/home/11837606,MLS PIN,72253504,N,Y,42.2822584,-71.1665852
MLS Listing,,Condo/Co-op,32 E Springfield St #2,Boston,MA,02118,630000,1,1.0,South End,630,630,1890,18,1000,171,Active,,,http://www.redfin.com/MA/Boston/32-E-Springfield-St-02118/unit-2/home/9320545,MLS PIN,72253478,N,Y,42.336256,-71.075157
MLS Listing,,Condo/Co-op,109 D St #2,Boston,MA,02127,869999,3,2.0,South Boston,1831,1831,2006,18,475,213,Active,,,http://www.redfin.com/MA/Boston/109-D-St-02127/unit-2/home/18982518,MLS PIN,72253446,N,Y,42.3353284,-71.0546927
MLS Listing,,Condo/Co-op,244 Eliot #1,Milton,MA,02186,499900,2,2.0,Milton,891,,2017,18,561,219,Active,,,http://www.redfin.com/MA/Milton/244-Eliot-St-02186/unit-1/home/113678353,MLS PIN,72253436,N,Y,42.2683102,-71.0788145
MLS Listing,,Condo/Co-op,12 Stoneholm St #603,Boston,MA,02115,670000,1,1.5,The Fenway,656,,1970,18,1021,625,Active,,,http://www.redfin.com/MA/Boston/12-Stoneholm-St-02115/unit-603/home/21717771,MLS PIN,72253411,N,Y,42.3458507,-71.0885025
MLS Listing,,Single Family Residential,8 Earnshaw St,Boston,MA,02132,359900,2,1.5,West Roxbury,960,4608,1920,18,375,,Active,,,http://www.redfin.com/MA/Boston/8-Earnshaw-St-02132/home/9217377,MLS PIN,72253388,N,Y,42.274874,-71.1635344
MLS Listing,,Single Family Residential,592 Poplar St,Boston,MA,02131,225000,3,1.0,Boston,1207,5400,1941,18,186,,Active,,,http://www.redfin.com/MA/Boston/592-Poplar-St-02131/home/9181579,MLS PIN,72253371,N,Y,42.2700186,-71.1319881
MLS Listing,,Condo/Co-op,84 Seaverns Ave #2,Boston,MA,02130,849500,3,2.5,Boston,1574,1464,1892,18,540,240,Active,,,http://www.redfin.com/MA/Boston/84-Seaverns-Ave-02130/unit-2/home/9328076,MLS PIN,72253361,N,Y,42.3110908,-71.1096633
MLS Listing,,Condo/Co-op,500 Atlantic Ave Unit 16Q,Boston,MA,02210,989000,1,1.5,Waterfront,860,,2006,18,1150,1125,Active,,,http://www.redfin.com/MA/Boston/500-Atlantic-Ave-02210/unit-16Q/home/12439787,MLS PIN,72253325,N,Y,42.3539332,-71.0519953
MLS Listing,,Condo/Co-op,2 Avery St Unit 17A,Boston,MA,02111,1785000,2,2.0,Midtown,1429,,2001,18,1249,1893,Active,,,http://www.redfin.com/MA/Boston/2-Avery-St-02111/unit-17A/home/9312731,MLS PIN,72253324,N,Y,42.3528703,-71.0629976
MLS Listing,,Single Family Residential,29 Furbush Rd,Boston,MA,02132,649900,3,2.5,West Roxbury,1632,6162,1995,18,398,,Active,,,http://www.redfin.com/MA/Boston/29-Furbush-Rd-02132/home/9200930,MLS PIN,72253306,N,Y,42.2931156,-71.1674641
MLS Listing,,Multi-Family (2-4 Unit),98 Everett St,Boston,MA,02128,939900,6,3.0,East Boston's Jeffries Point,3339,2187,1900,18,281,,Active,,,http://www.redfin.com/MA/Boston/98-Everett-St-02128/home/11835373,MLS PIN,72253300,N,Y,42.3674449,-71.034035
MLS Listing,,Multi-Family (2-4 Unit),2767 Washington St,Boston,MA,02119,1699000,9,7.0,Roxbury's Fort Hill,4800,6100,2017,18,354,,Active,,,http://www.redfin.com/MA/Boston/2767-Washington-St-02119/home/144278552,MLS PIN,72253122,N,Y,42.32241,-71.091385
MLS Listing,,Vacant Land,160 W BROADWAY,Boston,MA,02127,99000,,,Boston,,200,,18,,,Active,,,http://www.redfin.com/MA/Boston/160-W-Broadway-02127/unit-204/home/108564926,MLS PIN,72253043,N,Y,42.340439,-71.0533708
MLS Listing,,Condo/Co-op,31 Plainfield St #1,Boston,MA,02130,825000,2,2.5,Jamaica Plain,1954,,1880,18,422,200,Active,,,http://www.redfin.com/MA/Boston/31-Plainfield-St-02130/unit-1/home/144277854,MLS PIN,72252991,N,Y,42.3034531,-71.107302
MLS Listing,,Condo/Co-op,7 Westglow St #1,Boston,MA,02122,424900,2,2.0,Dorchester,1595,,1959,18,266,242,Active,,,http://www.redfin.com/MA/Boston/7-Westglow-St-02122/unit-1/home/11838309,MLS PIN,72252943,N,Y,42.2887609,-71.0552677
MLS Listing,,Townhouse,48 Webster St #48,Boston,MA,02136,299000,3,2.0,Hyde Park,1047,1047,1988,18,286,200,Active,,,http://www.redfin.com/MA/Boston/48-Webster-St-02136/unit-48/home/113227568,MLS PIN,72252913,N,Y,42.2586802,-71.1228617
MLS Listing,,Vacant Land,"376 Marlborough Street, P3",Boston,MA,02116,155000,,,Back Bay,,,,19,,,Active,,,http://www.redfin.com/MA/Boston/376-Marlborough-St-02115/unit-2/home/9243680,MLS PIN,72252758,N,Y,42.35033,-71.0871388
MLS Listing,,Condo/Co-op,11 Follen St #1,Boston,MA,02116,649900,2,1.0,Back Bay,686,,1890,19,947,403,Active,,,http://www.redfin.com/MA/Boston/11-Follen-St-02116/unit-1/home/9272560,MLS PIN,72252708,N,Y,42.3449623,-71.0799265
MLS Listing,,Condo/Co-op,2 Avery St Unit 26H,Boston,MA,02111,1995000,2,2.5,Midtown,1573,1573,1999,19,1268,2150,Active,,,http://www.redfin.com/MA/Boston/2-Avery-St-02111/unit-26H/home/9312996,MLS PIN,72252650,N,Y,42.3528703,-71.0629976
MLS Listing,,Condo/Co-op,1529 Centre St #2,Boston,MA,02132,549000,3,2.0,West Roxbury,1441,1306,1925,19,381,220,Active,,,http://www.redfin.com/MA/Boston/1529-Centre-St-02132/unit-2/home/28505565,MLS PIN,72252538,N,Y,42.29086,-71.140737
MLS Listing,,Single Family Residential,56 Monadnock St,Boston,MA,02125,1250000,4,4.0,Dorchester's Uphams Corner,2678,6722,1890,19,467,,Active,,,http://www.redfin.com/MA/Boston/56-Monadnock-St-02125/home/9064797,MLS PIN,72252488,N,Y,42.3154771,-71.0690909
MLS Listing,,Townhouse,31 Brimmer #4,Boston,MA,02108,2296000,2,2.5,Beacon Hill,1671,,1880,19,1374,906,Active,,,http://www.redfin.com/MA/Boston/31-Brimmer-St-02108/unit-4/home/9237326,MLS PIN,72252465,N,Y,42.3577897,-71.071894
MLS Listing,,Single Family Residential,1021 South St,Boston,MA,02131,719000,6,1.5,Roslindale,2214,6478,1901,20,325,,Active,,,http://www.redfin.com/MA/Boston/1021-South-St-02131/home/9171400,MLS PIN,72252428,N,Y,42.2879892,-71.1415305
MLS Listing,,Condo/Co-op,47 OLDFIELDS Rd #2,Boston,MA,02121,479000,3,2.0,Dorchester's Grove Hall,1682,2225,2008,20,285,,Active,,,http://www.redfin.com/MA/Boston/47-Oldfields-Rd-02121/unit-2/home/39660929,MLS PIN,72252423,N,Y,42.3080034,-71.0793149
MLS Listing,,Condo/Co-op,51 Hutchings #1,Boston,MA,02121,999000,3,3.0,Roxbury,3400,,1905,20,294,250,Active,,,http://www.redfin.com/MA/Boston/51-Hutchings-St-02121/unit-1/home/144267280,MLS PIN,72252359,N,Y,42.310819,-71.0898443
MLS Listing,,Condo/Co-op,379 Meridian St #201,Boston,MA,02128,317900,1,1.0,East Boston,503,,1920,20,632,207,Active,,,http://www.redfin.com/MA/Boston/379-Meridian-St-02128/unit-201/home/9107121,MLS PIN,72252288,N,Y,42.3795324,-71.0391328
MLS Listing,,Vacant Land,2-6 Talbot Ave,Boston,MA,02124,100000,,,Dorchester,,4049,,20,,,Active,,,http://www.redfin.com/MA/Boston/6-Talbot-Ave-02124/home/144266556,MLS PIN,72252218,N,Y,42.2948634,-71.0872247
MLS Listing,,Condo/Co-op,1 Franklin St #1502,Boston,MA,02110,1120000,1,1.0,Midtown,759,,2016,20,1476,522,Active,,,http://www.redfin.com/MA/Boston/1-Franklin-St-02108/unit-1502/home/139976718,MLS PIN,72252186,N,Y,42.35631,-71.05945
MLS Listing,,Single Family Residential,44 Peregrine Rd,Newton,MA,02459,2499000,5,6.5,Newton,5686,15000,2014,20,440,,Active,,,http://www.redfin.com/MA/Newton/44-Peregrine-Rd-02459/home/11486947,MLS PIN,72252147,N,Y,42.2963378,-71.1786866
MLS Listing,,Multi-Family (2-4 Unit),7 Delano St,Boston,MA,02122,900000,9,3.0,Boston,3042,2766,1905,20,296,,Active,,,http://www.redfin.com/MA/Boston/7-Delano-St-02122/home/11834320,MLS PIN,72252125,N,Y,42.3039871,-71.0694492
MLS Listing,,Condo/Co-op,580 Washington St #1209,Boston,MA,02111,1600000,2,2.0,Midtown,1228,1228,2013,20,1303,1394,Active,,,http://www.redfin.com/MA/Boston/580-Washington-St-02111/unit-1209/home/67319741,MLS PIN,72252114,N,Y,42.3532796,-71.0623509
MLS Listing,,Condo/Co-op,19 Zamora St #1,Boston,MA,02130,700000,2,1.0,Jamaica Plain,1201,1201,1930,20,583,200,Active,,,http://www.redfin.com/MA/Boston/19-Zamora-St-02130/unit-1/home/12447754,MLS PIN,72252030,N,Y,42.3223523,-71.1128367
MLS Listing,,Multi-Family (2-4 Unit),242 Talbot Ave,Boston,MA,02124,599000,8,3.0,Dorchester,3825,3145,1885,20,157,,Active,,,http://www.redfin.com/MA/Boston/242-Talbot-Ave-02124/home/9070054,MLS PIN,72251994,N,Y,42.2917845,-71.0766552
MLS Listing,,Condo/Co-op,39 Chestnut St #110,Boston,MA,02129,879000,2,1.5,Charlestown,1080,,1970,22,814,482,Active,,,http://www.redfin.com/MA/Boston/39-Chestnut-St-02129/unit-110/home/138138153,MLS PIN,72251803,N,Y,42.3749771,-71.0589914
MLS Listing,,Condo/Co-op,25 Chestnut #1,Boston,MA,02108,1599000,3,2.0,Beacon Hill,1166,2000,1850,22,1371,501,Active,,,http://www.redfin.com/MA/Boston/25-Chestnut-St-02108/unit-1/home/9260502,MLS PIN,72251713,N,Y,42.3577241,-71.0674301
MLS Listing,,Condo/Co-op,244 Brighton Ave #204,Boston,MA,02134,475000,1,1.0,Allston,850,,1899,22,559,296,Active,,,http://www.redfin.com/MA/Boston/244-Brighton-Ave-02134/unit-204/home/9327055,MLS PIN,72251695,N,Y,42.3532104,-71.1362366
MLS Listing,,Single Family Residential,19 Rushmore St,Boston,MA,02135,1189000,5,3.5,Brighton,3001,10752,1920,23,396,,Active,,,http://www.redfin.com/MA/Boston/19-Rushmore-St-02135/home/9035918,MLS PIN,72251665,N,Y,42.34622,-71.155662
MLS Listing,,Condo/Co-op,170 W Broadway #406,Boston,MA,02127,1019900,2,2.0,South Boston,1397,,2017,23,730,427,Active,,,http://www.redfin.com/MA/Boston/170-W-Broadway-02127/unit-406/home/144237827,MLS PIN,72251621,N,Y,42.3405037,-71.0528772
MLS Listing,,Condo/Co-op,40 Dennison St #2,Boston,MA,02119,539000,3,2.0,Roxbury,1870,1870,2007,23,288,300,Active,,,http://www.redfin.com/MA/Boston/40-Dennison-St-02119/unit-2/home/12323263,MLS PIN,72251513,N,Y,42.3182341,-71.0936337
MLS Listing,,Multi-Family (2-4 Unit),27 Hosmer St,Boston,MA,02126,399900,4,2.0,Mattapan,1792,,1905,23,223,,Active,,,http://www.redfin.com/MA/Boston/27-Hosmer-St-02126/unit-6/home/12428399,MLS PIN,72251473,N,Y,42.2807153,-71.0906929
MLS Listing,,Condo/Co-op,27 Hosmer St #1,Boston,MA,02126,189000,2,1.0,Mattapan,896,,1905,23,211,157,Active,,,http://www.redfin.com/MA/Boston/27-Hosmer-St-02126/unit-1/home/12428449,MLS PIN,72251463,N,Y,42.2807153,-71.0906929
MLS Listing,,Condo/Co-op,69 Telegraph St #201,Boston,MA,02127,1100000,3,2.0,Boston,1639,1639,2013,23,671,284,Active,,,http://www.redfin.com/MA/Boston/69-Telegraph-St-02127/unit-201/home/60368582,MLS PIN,72251451,N,Y,42.332811,-71.0476515
MLS Listing,,Condo/Co-op,1650 Commonwealth #606,Boston,MA,02135,1500000,3,2.0,Brighton,1456,,2017,23,1030,925,Active,,,http://www.redfin.com/MA/Boston/1650-Commonwealth-Ave-02135/unit-606/home/144236733,MLS PIN,72251455,N,Y,42.3418247,-71.1436113
MLS Listing,,Condo/Co-op,1650 Commonwealth #605,Boston,MA,02135,695000,1,1.0,Brighton,673,,2017,23,1033,444,Active,,,http://www.redfin.com/MA/Boston/1650-Commonwealth-Ave-02135/unit-605/home/144236643,MLS PIN,72251444,N,Y,42.3418247,-71.1436113
MLS Listing,,Townhouse,873 Adams #873,Boston,MA,02124,649999,3,2.5,Dorchester,1636,,2009,23,397,291,Active,,,http://www.redfin.com/MA/Boston/873-Adams-St-02124/unit-873/home/113224377,MLS PIN,72251440,N,Y,42.2814337,-71.0588649
MLS Listing,,Condo/Co-op,1650 Commonwealth #304,Boston,MA,02135,845000,2,2.0,Brighton,947,,2017,23,892,603,Active,,,http://www.redfin.com/MA/Boston/1650-Commonwealth-Ave-02135/unit-304/home/144236608,MLS PIN,72251436,N,Y,42.3418247,-71.1436113
MLS Listing,,Condo/Co-op,1650 Commonwealth #303,Boston,MA,02135,925000,2,2.0,Brighton,1063,,2017,23,870,667,Active,,,http://www.redfin.com/MA/Boston/1650-Commonwealth-Ave-02135/unit-303/home/144236605,MLS PIN,72251433,N,Y,42.3418247,-71.1436113
MLS Listing,,Condo/Co-op,1650 Commonwealth #208,Boston,MA,02135,710000,1,1.0,Brighton,792,,2017,23,896,485,Active,,,http://www.redfin.com/MA/Boston/1650-Commonwealth-Ave-02135/unit-208/home/144236595,MLS PIN,72251421,N,Y,42.3418247,-71.1436113
MLS Listing,,Condo/Co-op,2 W 6th #307,Boston,MA,02127,1299000,3,2.0,South Boston,1520,,2017,23,855,609,Active,,,http://www.redfin.com/MA/Boston/2-W-6th-St-02127/unit-307/home/144236591,MLS PIN,72251382,N,Y,42.3394612,-71.05709
MLS Listing,,Single Family Residential,65 Glendower Rd,Boston,MA,02131,490000,3,2.0,Boston,1430,4050,1900,23,343,,Active,,,http://www.redfin.com/MA/Boston/65-Glendower-Rd-02131/home/9180424,MLS PIN,72251393,N,Y,42.275515,-71.1309919
MLS Listing,,Townhouse,239 Norfolk St Unit E,Boston,MA,02124,319000,3,1.5,Dorchester,1299,1458,1988,23,246,305,Active,,,http://www.redfin.com/MA/Boston/239-Norfolk-St-02124/unit-E/home/113238981,MLS PIN,72251231,N,Y,42.2846478,-71.080808
MLS Listing,,Condo/Co-op,219-223 Columbus Ave #202,Boston,MA,02116,1995000,2,2.0,Back Bay,1690,,1899,24,1180,1224,Active,,,http://www.redfin.com/MA/Boston/223-Columbus-Ave-02116/unit-202/home/9234014,MLS PIN,72251174,N,Y,42.3481971,-71.0727796
MLS Listing,,Condo/Co-op,320 Maverick #402,Boston,MA,02128,559900,2,2.0,East Boston's Jeffries Point,859,,2017,24,652,305,Active,,,http://www.redfin.com/MA/Boston/320-Maverick-St-02128/unit-402/home/144235177,MLS PIN,72251132,N,Y,42.367161,-71.031554
MLS Listing,,Multi-Family (2-4 Unit),90 Devon St,Boston,MA,02121,699999,9,3.0,Dorchester,4052,3700,1900,24,173,,Active,,,http://www.redfin.com/MA/Boston/90-Devon-St-02121/home/9070353,MLS PIN,72251083,N,Y,42.3095712,-71.0787919
MLS Listing,,Condo/Co-op,160 Commonwealth Ave #707,Boston,MA,02116,849000,1,1.0,Back Bay,1472,1472,1881,24,577,842,Active,,,http://www.redfin.com/MA/Boston/160-Commonwealth-Ave-02116/unit-707/home/9265381,MLS PIN,72251089,N,Y,42.3512626,-71.0786231
MLS Listing,,Condo/Co-op,68 Selwyn Rd #2,Boston,MA,02131,419900,2,1.0,Roslindale,1010,,1920,24,416,175,Active,,,http://www.redfin.com/MA/Boston/68-Selwyn-St-02131/unit-2/home/40103913,MLS PIN,72251067,N,Y,42.2918669,-71.1342091
MLS Listing,,Condo/Co-op,68 Selwyn Rd #3,Boston,MA,02131,449000,2,1.0,Roslindale,1030,,1920,24,436,175,Active,,,http://www.redfin.com/MA/Boston/68-Selwyn-St-02131/unit-3/home/39585394,MLS PIN,72251066,N,Y,42.2918669,-71.1342091
MLS Listing,,Condo/Co-op,82 G St #1,Boston,MA,02127,1200000,3,2.5,South Boston,1978,,2015,24,607,203,Active,,,http://www.redfin.com/MA/Boston/82-G-St-02127/unit-1/home/70103107,MLS PIN,72251050,N,Y,42.333161,-71.0439563
MLS Listing,,Condo/Co-op,2 W 6th #208,Boston,MA,02127,829000,1,1.0,South Boston,1026,,2017,24,808,366,Active,,,http://www.redfin.com/MA/Boston/2-W-6th-St-02127/unit-208/home/144234490,MLS PIN,72251005,N,Y,42.3394612,-71.05709
MLS Listing,,Single Family Residential,14 MANOR St,Boston,MA,02122,450000,3,1.5,Dorchester's Neponset,1325,,1951,24,340,,Active,,,http://www.redfin.com/MA/Boston/14-Manor-St-02122/home/9093619,MLS PIN,72250984,N,Y,42.2899768,-71.0536685
MLS Listing,,Condo/Co-op,17 Lorette #3,Boston,MA,02132,529000,2,2.0,West Roxbury,1143,6000,2017,24,463,200,Active,,,http://www.redfin.com/MA/Boston/17-Lorette-St-02132/unit-3/home/144233953,MLS PIN,72250888,N,Y,42.279473,-71.159875
MLS Listing,,Condo/Co-op,17 Lorette #1,Boston,MA,02132,599000,2,2.5,West Roxbury,1550,6000,2017,24,386,200,Active,,,http://www.redfin.com/MA/Boston/17-Lorette-St-02132/unit-1/home/144233952,MLS PIN,72250883,N,Y,42.279473,-71.159875
MLS Listing,,Condo/Co-op,1 Franklin St #2510,Boston,MA,02110,2225000,2,2.0,Midtown,1281,,2016,24,1737,1319,Active,,,http://www.redfin.com/MA/Boston/1-Franklin-St-02108/unit-2510/home/86096870,MLS PIN,72250873,N,Y,42.35631,-71.05945
MLS Listing,,Condo/Co-op,106 13Th St #215,Boston,MA,02129,499000,1,1.0,Charlestown,711,1013,1920,24,702,682,Active,,,http://www.redfin.com/MA/Boston/106-13th-St-02129/unit-215/home/9051025,MLS PIN,72250861,N,Y,42.3772496,-71.0511097
MLS Listing,,Condo/Co-op,72 Lubec #4,Boston,MA,02128,419000,2,1.0,East Boston's Jeffries Point,927,,1899,24,452,315,Active,,,http://www.redfin.com/MA/Boston/72-Lubec-St-02128/unit-4/home/9107564,MLS PIN,72250844,N,Y,42.3708991,-71.0332658
MLS Listing,,Single Family Residential,131 Laurie Ave,Boston,MA,02132,464900,3,2.0,Boston,1224,4935,1950,24,380,,Active,,,http://www.redfin.com/MA/Boston/131-Laurie-Ave-02132/home/9218306,MLS PIN,72250785,N,Y,42.2733071,-71.1669327
MLS Listing,,Single Family Residential,6 Melrose St,Boston,MA,02116,2175000,3,4.5,South End,2260,939,1826,24,962,,Active,,,http://www.redfin.com/MA/Boston/6-Melrose-St-02116/home/9262965,MLS PIN,72250777,N,Y,42.3495107,-71.0674703
MLS Listing,,Multi-Family (2-4 Unit),468 Saratoga St,Boston,MA,02128,999999,7,3.5,East Boston,3504,3622,1900,24,285,,Active,,,http://www.redfin.com/MA/Boston/468-Saratoga-St-02128/home/9106826,MLS PIN,72250763,N,Y,42.3800313,-71.0276973
MLS Listing,,Single Family Residential,34 Joan Rd,Boston,MA,02136,450000,3,2.0,Stonybrook,2180,7044,1957,24,206,,Active,,,http://www.redfin.com/MA/Boston/34-Joan-Rd-02136/home/9137012,MLS PIN,72250709,N,Y,42.2528984,-71.1436375
MLS Listing,,Condo/Co-op,68 Baldwin #42,Boston,MA,02129,749900,2,1.5,Charlestown,1084,871,1890,24,692,422,Active,,,http://www.redfin.com/MA/Boston/68-Baldwin-St-02129/unit-42/home/9047824,MLS PIN,72250678,N,Y,42.3823438,-71.0702792
MLS Listing,,Condo/Co-op,197 St. Botolph #3,Boston,MA,02115,699000,2,1.0,Back Bay,901,,1886,24,776,281,Active,,,http://www.redfin.com/MA/Boston/197-Saint-Botolph-St-02115/unit-3/home/9254917,MLS PIN,72250629,N,Y,42.3427457,-71.0836093
MLS Listing,,Condo/Co-op,41 Lourdes Ave #41,Boston,MA,02130,525000,2,1.5,Boston,1130,,1988,24,465,273,Active,,,http://www.redfin.com/MA/Boston/41-Lourdes-Ave-02130/unit-41/home/114105066,MLS PIN,72250612,N,Y,42.3068268,-71.1037267
MLS Listing,,Condo/Co-op,1200 Washington St #218,Boston,MA,02118,1615000,3,2.0,South End,2086,,1999,24,774,843,Active,,,http://www.redfin.com/MA/Boston/1200-Washington-St-02118/unit-218/home/39580388,MLS PIN,72250594,N,Y,42.3430049,-71.0665492
MLS Listing,,Multi-Family (2-4 Unit),28 W Tremlett St,Boston,MA,02124,899900,12,4.0,Dorchester,4770,4558,1905,25,189,,Active,,,http://www.redfin.com/MA/Boston/28-W-Tremlett-St-02124/home/9070895,MLS PIN,72250550,N,Y,42.2941439,-71.0733301
MLS Listing,,Condo/Co-op,80 Fenwood Rd #1013,Boston,MA,02115,1249000,2,2.0,Boston,1052,,2016,25,1187,759,Active,,,http://www.redfin.com/MA/Boston/80-Fenwood-Rd-02115/unit-1013/home/101674658,MLS PIN,72250536,N,Y,42.3359458,-71.1093945
MLS Listing,,Condo/Co-op,8 ENTERPRISE St #2,Boston,MA,02125,679000,2,2.0,Dorchester,1169,,2107,25,581,200,Active,,,http://www.redfin.com/MA/Boston/8-Enterprise-St-02125/unit-2/home/144232125,MLS PIN,72250422,N,Y,42.3229309,-71.061525
MLS Listing,,Condo/Co-op,7 Baker Ct #7,Boston,MA,02125,899000,3,2.0,Boston,1724,,2017,25,521,375,Active,,,http://www.redfin.com/MA/Boston/7-Baker-Ct-02125/unit-7/home/144232039,MLS PIN,72250406,N,Y,42.3249374,-71.0633618
MLS Listing,,Condo/Co-op,7 Baker Ct #6,Boston,MA,02125,839000,3,2.0,Boston,1630,,2017,25,515,350,Active,,,http://www.redfin.com/MA/Boston/7-Baker-Ct-02125/unit-6/home/144231947,MLS PIN,72250378,N,Y,42.3249374,-71.0633618
MLS Listing,,Condo/Co-op,1241 Adams St #609,Boston,MA,02124,749900,2,2.0,Boston,1376,1376,1900,25,545,812,Active,,,http://www.redfin.com/MA/Boston/1241-Adams-St-02124/unit-609/home/9064534,MLS PIN,72250359,N,Y,42.2714635,-71.0681449
MLS Listing,,Single Family Residential,308 Paris St,Boston,MA,02128,399000,5,1.5,East Boston,1216,799,1900,25,328,,Active,,,http://www.redfin.com/MA/Boston/308-Paris-St-02128/home/9118290,MLS PIN,72250295,N,Y,42.3770815,-71.0324037
MLS Listing,,Condo/Co-op,7 Langford Park #2,Boston,MA,02119,489000,3,2.0,Roxbury,1117,,1905,25,438,180,Active,,,http://www.redfin.com/MA/Boston/7-Langford-Park-02119/unit-2/home/144231616,MLS PIN,72250292,N,Y,42.3221411,-71.0797212
MLS Listing,,Condo/Co-op,8 Whittier Pl Unit 19D,Boston,MA,02114,515000,1,1.0,West End,941,941,1964,25,547,872,Active,,,http://www.redfin.com/MA/Boston/8-Whittier-Pl-02114/unit-19D/home/9228982,MLS PIN,72250267,N,Y,42.3655875,-71.0675472
MLS Listing,,Multi-Family (2-4 Unit),6 O St,Boston,MA,02127,1350000,6,3.0,South Boston,2400,1616,1920,25,563,,Active,,,http://www.redfin.com/MA/Boston/6-O-St-02127/home/9196825,MLS PIN,72250199,N,Y,42.3380159,-71.0290997
MLS Listing,,Condo/Co-op,25 Monmouth St #1,Boston,MA,02128,576900,2,1.5,East Boston,1317,1250,1900,25,438,,Active,,,http://www.redfin.com/MA/Boston/25-Monmouth-St-02128/unit-1/home/144231151,MLS PIN,72250144,N,Y,42.3796921,-71.037923
MLS Listing,,Condo/Co-op,28 Iffley Rd #3,Boston,MA,02130,649000,2,2.0,Jamaica Plain,1100,,2017,25,590,200,Active,,,http://www.redfin.com/MA/Boston/28-Iffley-Rd-02130/unit-3/home/144231141,MLS PIN,72250139,N,Y,42.3125299,-71.0997902
MLS Listing,,Townhouse,55 Worcester St #3,Boston,MA,02118,1275000,2,2.5,South End,1340,,1900,25,951,265,Active,,,http://www.redfin.com/MA/Boston/55-Worcester-St-02118/unit-3/home/9301114,MLS PIN,72250081,N,Y,42.3389861,-71.0773184
MLS Listing,,Condo/Co-op,1 Melrose St #1,Boston,MA,02116,489500,0,1.0,Bay Village,480,480,1890,25,1020,171,Active,,,http://www.redfin.com/MA/Boston/1-Melrose-St-02116/unit-1/home/85716271,MLS PIN,72250018,N,Y,42.3494374,-71.067163
MLS Listing,,Condo/Co-op,145 Charles #3,Boston,MA,02114,1199000,2,1.0,Beacon Hill,1055,,1880,25,1136,413,Active,November-28-2017 05:00 PM,November-28-2017 06:30 PM,http://www.redfin.com/MA/Boston/145-Charles-St-02114/unit-3/home/9255741,MLS PIN,72249999,N,Y,42.3603664,-71.070602
MLS Listing,,Single Family Residential,223-R Princeton St,Boston,MA,02128,584000,3,2.5,East Boston,1287,1100,1900,25,454,,Active,,,http://www.redfin.com/MA/Boston/223R-Princeton-St-02128/unit-R/home/144230781,MLS PIN,72250000,N,Y,42.378966,-71.0313686
MLS Listing,,Condo/Co-op,14 W Broadway #906,Boston,MA,02127,2299000,2,3.0,South Boston,1707,,2017,25,1347,99999,Active,,,http://www.redfin.com/MA/Boston/14-W-Broadway-02127/unit-906/home/144230700,MLS PIN,72249988,N,Y,42.3428463,-71.0569762
MLS Listing,,Single Family Residential,24 Lasell St,Boston,MA,02132,549900,3,1.5,West Roxbury,1281,4000,1927,25,429,,Active,,,http://www.redfin.com/MA/Boston/24-Lasell-St-02132/home/9212530,MLS PIN,72249929,N,Y,42.2868439,-71.169933
MLS Listing,,Townhouse,49 Coffey St Unit B,Boston,MA,02122,799000,3,3.5,Dorchester,1800,,2017,25,444,216,Active,,,http://www.redfin.com/MA/Boston/49-Coffey-St-02122/unit-B/home/144230420,MLS PIN,72249917,N,Y,42.2888273,-71.0485443
MLS Listing,,Condo/Co-op,227 Bowdoin St Unit B,Boston,MA,02122,319000,4,1.0,Dorchester,1400,,1915,25,228,200,Active,,,http://www.redfin.com/MA/Boston/227-Bowdoin-St-02122/unit-B/home/144230291,MLS PIN,72249892,N,Y,42.3057332,-71.0673862
MLS Listing,,Condo/Co-op,225 Bowdoin St Unit C,Boston,MA,02122,329000,4,1.0,Dorchester,1400,,1915,25,235,200,Active,,,http://www.redfin.com/MA/Boston/225-Bowdoin-St-02122/unit-C/home/144230268,MLS PIN,72249888,N,Y,42.3057164,-71.0674737
MLS Listing,,Multi-Family (2-4 Unit),24 BROOKS St,Boston,MA,02135,1599900,8,4.0,Brighton's Chestnut Hill,6192,5000,1911,25,258,,Active,,,http://www.redfin.com/MA/Boston/24-Brooks-St-02135/home/144228917,MLS PIN,72249846,N,Y,42.3566362,-71.1622802
MLS Listing,,Condo/Co-op,131 Marlborough St #6,Boston,MA,02116,795000,1,1.0,Back Bay,797,,1889,26,997,334,Active,,,http://www.redfin.com/MA/Boston/131-Marlborough-St-02116/unit-6/home/9250161,MLS PIN,72249834,N,Y,42.3532585,-71.0781303
MLS Listing,,Single Family Residential,73 Sunset Ave,Dedham,MA,02026,499900,3,1.5,Dedham,1824,6732,1971,26,274,,Active,,,http://www.redfin.com/MA/Dedham/73-Sunset-Ave-02026/home/8852324,MLS PIN,72249827,N,Y,42.2547997,-71.1580289
MLS Listing,,Townhouse,16 McBride St #2,Boston,MA,02130,995000,3,2.5,Jamaica Plain,1800,,2017,26,553,250,Active,,,http://www.redfin.com/MA/Boston/16-McBride-St-02130/unit-2/home/144228593,MLS PIN,72249816,N,Y,42.3061037,-71.1142128
MLS Listing,,Condo/Co-op,99 Tremont St #112,Boston,MA,02135,645000,1,1.0,Brighton,794,,2017,26,812,443,Active,,,http://www.redfin.com/MA/Boston/99-Tremont-St-02135/unit-112/home/144228534,MLS PIN,72249793,N,Y,42.3512679,-71.1723159
MLS Listing,,Condo/Co-op,1 Prescott St #303,Boston,MA,02128,399900,2,1.0,East Boston,868,868,1900,26,461,300,Active,,,http://www.redfin.com/MA/Boston/1-Prescott-St-02128/unit-303/home/9113609,MLS PIN,72249790,N,Y,42.3810238,-71.0314596
MLS Listing,,Single Family Residential,38 Caryll St,Boston,MA,02126,799000,8,4.0,Dorchester's Lower Mills,3300,9100,1950,26,242,,Active,,,http://www.redfin.com/MA/Boston/38-Caryll-St-02126/home/9158622,MLS PIN,72249789,N,Y,42.2752824,-71.0769236
MLS Listing,,Multi-Family (2-4 Unit),25 Worthington St,Boston,MA,02120,1725000,8,6.0,Mission Hill,2900,1440,1837,26,595,,Active,,,http://www.redfin.com/MA/Roxbury-Crossing/25-Worthington-St-02120/home/9291760,MLS PIN,72249785,N,Y,42.334273,-71.101913
MLS Listing,,Multi-Family (2-4 Unit),20 Worthington St,Boston,MA,02120,1725000,8,4.0,Mission Hill,2900,1440,1873,26,595,,Active,,,http://www.redfin.com/MA/Roxbury-Crossing/20-Worthington-St-02120/unit-1/home/39587837,MLS PIN,72249784,N,Y,42.334316,-71.102371
MLS Listing,,Condo/Co-op,261 Beacon #32,Boston,MA,02116,369000,0,1.0,Back Bay,258,,1886,26,1430,186,Active,,,http://www.redfin.com/MA/Boston/261-Beacon-St-02116/unit-32/home/137074899,MLS PIN,72249642,N,Y,42.3532621,-71.0795184
MLS Listing,,Condo/Co-op,891 E First St #1,Boston,MA,02127,899900,2,2.0,South Boston,1184,3497,2017,26,760,300,Active,,,http://www.redfin.com/MA/Boston/891-E-1st-St-02127/unit-1/home/144226519,MLS PIN,72249526,N,Y,42.3381089,-71.0276734
MLS Listing,,Condo/Co-op,210 W 9th #2,Boston,MA,02127,949000,2,2.5,South Boston,2225,,2001,26,427,250,Active,,,http://www.redfin.com/MA/Boston/210-W-9th-St-02127/unit-2/home/144226469,MLS PIN,72249520,N,Y,42.3331399,-71.0521959
MLS Listing,,Single Family Residential,46 Stonehill Rd,Boston,MA,02136,499900,4,2.0,Hyde Park,1781,6009,1954,27,281,,Active,,,http://www.redfin.com/MA/Boston/46-Stonehill-Rd-02136/home/9137129,MLS PIN,72249423,N,Y,42.2546038,-71.1417238
MLS Listing,,Townhouse,2757 Washington St #3,Boston,MA,02119,600000,3,2.5,Roxbury's Fort Hill,1582,,2017,27,379,210,Active,,,http://www.redfin.com/MA/Boston/2757-Washington-St-02119/unit-3/home/144040427,MLS PIN,72249414,N,Y,42.322584,-71.09115
MLS Listing,,Condo/Co-op,21 Park Vale Ave #2,Boston,MA,02134,480000,3,1.0,Boston,780,780,1910,27,615,560,Active,,,http://www.redfin.com/MA/Boston/21-Park-Vale-Ave-02134/unit-2/home/8984662,MLS PIN,72249400,N,Y,42.3515343,-71.1327946
MLS Listing,,Condo/Co-op,11A Melrose St #2,Boston,MA,02116,995000,2,1.0,Bay Village,815,,1900,27,1221,250,Active,,,http://www.redfin.com/MA/Boston/11A-Melrose-St-02116/unit-2/home/144223042,MLS PIN,72249359,N,Y,42.3492471,-71.0675791
MLS Listing,,Condo/Co-op,402 Meridian #3,Boston,MA,02128,659900,3,2.0,East Boston,1528,,1860,27,432,225,Active,,,http://www.redfin.com/MA/Boston/402-Meridian-St-02128/unit-3/home/40174952,MLS PIN,72249293,N,Y,42.3799937,-71.0394823
MLS Listing,,Condo/Co-op,135 Granite Ave #34,Boston,MA,02124,319000,1,1.0,Dorchester,659,659,1967,27,484,382,Active,,,http://www.redfin.com/MA/Boston/135-Granite-Ave-02124/unit-34/home/9105914,MLS PIN,72249270,N,Y,42.2788945,-71.0546437
MLS Listing,,Single Family Residential,79 Jamaica St,Boston,MA,02130,399900,2,1.0,Jamaica Plain,704,3115,1895,29,568,,Active,,,http://www.redfin.com/MA/Boston/79-Jamaica-St-02130/home/9150359,MLS PIN,72248924,N,Y,42.3051792,-71.1175144
MLS Listing,,Single Family Residential,54 Dedham St,Boston,MA,02136,789900,3,2.5,Hyde Park,2385,9225,2017,29,331,,Active,,,http://www.redfin.com/MA/Boston/54-Dedham-St-02136/home/9131260,MLS PIN,72248922,N,Y,42.251668,-71.135216
MLS Listing,,Vacant Land,80 Broad Street Parking Spc 52,Boston,MA,02110,149900,,,Financial District,,,,29,,,Active,,,http://www.redfin.com/MA/Boston/80-Broad-Street-Parking-02110/unit-52/home/113890148,MLS PIN,72248893,N,Y,42.3613114,-71.0482911
MLS Listing,,Condo/Co-op,1241-1255 Adams St Unit WM110,Boston,MA,02124,549900,1,1.0,Dorchester's Lower Mills,889,889,1900,29,619,497,Active,,,http://www.redfin.com/MA/Boston/1255-Adams-St-02124/unit-WM110/home/108267776,MLS PIN,72248866,N,Y,42.2710088,-71.0686086
MLS Listing,,Townhouse,15 Wenlock Rd #15,Boston,MA,02122,495000,2,1.5,Dorchester's Neponset,1442,,1986,29,343,300,Active,,,http://www.redfin.com/MA/Boston/15-Wenlock-Rd-02122/unit-15/home/113232819,MLS PIN,72248860,N,Y,42.2840714,-71.0483906
MLS Listing,,Multi-Family (2-4 Unit),825+825A Dorchester Ave,Boston,MA,02125,1795000,12,4.5,Dorchester,4406,3628,1930,29,407,,Active,,,http://www.redfin.com/MA/Boston/825-Dorchester-Ave-02125/unit-825A/home/9224532,MLS PIN,72248784,N,Y,42.3227026,-71.0570585
MLS Listing,,Multi-Family (2-4 Unit),180 Boston St,Boston,MA,02125,1579000,9,4.5,Dorchester,3399,2395,1910,29,465,,Active,,,http://www.redfin.com/MA/Boston/180-Boston-St-02125/home/9100424,MLS PIN,72248780,N,Y,42.3234855,-71.0600534
MLS Listing,,Condo/Co-op,19 Rill St #2,Boston,MA,02125,569000,3,1.5,Dorchester's Uphams Corner,1130,5418,1905,30,504,,Active,,,http://www.redfin.com/MA/Boston/19-Rill-St-02125/unit-2/home/28478758,MLS PIN,72248773,N,Y,42.3119687,-71.0651269
MLS Listing,,Condo/Co-op,19 Rill St #1,Boston,MA,02125,479000,2,1.5,Dorchester's Uphams Corner,1003,,1905,30,478,,Active,,,http://www.redfin.com/MA/Boston/19-Rill-St-02125/unit-1/home/18998674,MLS PIN,72248770,N,Y,42.3119687,-71.0651269
MLS Listing,,Condo/Co-op,35 FARRAGUT Rd #2,Boston,MA,02127,1699000,2,2.0,South Boston,2140,,2017,30,794,400,Active,,,http://www.redfin.com/MA/Boston/35-Farragut-Rd-02127/unit-2/home/144190726,MLS PIN,72248720,N,Y,42.337122,-71.025413
MLS Listing,,Multi-Family (2-4 Unit),32 E Cottage St,Boston,MA,02125,599000,6,3.0,Boston,2360,2389,1890,30,254,,Active,,,http://www.redfin.com/MA/Boston/32-E-Cottage-St-02125/home/144189635,MLS PIN,72248694,N,Y,42.3217032,-71.0696973
MLS Listing,,Condo/Co-op,225 Bowdoin St Unit B,Boston,MA,02122,319000,4,1.0,Dorchester,1400,,1915,30,228,200,Active,,,http://www.redfin.com/MA/Boston/225-Bowdoin-St-02122/unit-B/home/144188929,MLS PIN,72248685,N,Y,42.3057164,-71.0674737
MLS Listing,,Single Family Residential,102R Webster St,Boston,MA,02128,849000,3,2.5,East Boston's Jeffries Point,1752,,2017,30,485,,Active,,,http://www.redfin.com/MA/Boston/102-Webster-St-02128/home/9112174,MLS PIN,72248653,N,Y,42.366878,-71.036816
MLS Listing,,Townhouse,227 Gladstone St #1,Boston,MA,02128,850000,2,2.5,Boston,1640,,2017,30,518,150,Active,,,http://www.redfin.com/MA/Boston/227-Gladstone-St-02128/unit-1/home/144184669,MLS PIN,72248440,N,Y,42.3896664,-71.0082677
MLS Listing,,Townhouse,15 Downer Ct #15,Boston,MA,02122,499900,4,2.0,Boston,1657,1657,2004,30,302,175,Active,,,http://www.redfin.com/MA/Boston/15-Downer-Ct-02122/unit-15/home/113245469,MLS PIN,72248429,N,Y,42.3101254,-71.0648727
MLS Listing,,Condo/Co-op,99 Tremont St #410,Boston,MA,02135,975000,2,2.0,Brighton,1115,,2017,30,874,694,Active,,,http://www.redfin.com/MA/Boston/99-Tremont-St-02135/unit-410/home/144183517,MLS PIN,72248381,N,Y,42.3512679,-71.1723159
MLS Listing,,Condo/Co-op,320 Maverick #502,Boston,MA,02128,799000,2,2.0,East Boston's Jeffries Point,1194,,2017,31,669,423,Active,,,http://www.redfin.com/MA/Boston/320-Maverick-St-02128/unit-502/home/144175270,MLS PIN,72248286,N,Y,42.367161,-71.031554
MLS Listing,,Multi-Family (2-4 Unit),101 Walnut St,Boston,MA,02122,779000,5,3.0,Dorchester,2264,5719,1850,31,344,,Active,,,http://www.redfin.com/MA/Boston/101-Walnut-St-02122/home/9105640,MLS PIN,72248256,N,Y,42.2881505,-71.0397919
MLS Listing,,Condo/Co-op,14 Whitby Ter #1,Boston,MA,02125,775000,3,1.0,Dorchester,1872,3826,1900,31,414,245,Active,,,http://www.redfin.com/MA/Boston/14-Whitby-Ter-02125/unit-1/home/9063070,MLS PIN,72248146,N,Y,42.314121,-71.0605277
MLS Listing,,Condo/Co-op,352 W Third #15,Boston,MA,02127,649900,2,1.0,South Boston,725,,1920,31,896,222,Active,,,http://www.redfin.com/MA/Boston/352-W-3rd-St-02127/unit-15/home/144170284,MLS PIN,72248063,N,Y,42.3363157,-71.0447015
MLS Listing,,Condo/Co-op,9 Fayette St #1,Boston,MA,02116,850000,2,2.0,South End,765,,1901,31,1111,283,Active,,,http://www.redfin.com/MA/Boston/9-Fayette-St-02116/unit-1/home/9235169,MLS PIN,72247889,N,Y,42.3492717,-71.0669972
MLS Listing,,Condo/Co-op,350 W 2nd St #2,Boston,MA,02127,879000,2,2.0,South Boston,1494,1494,2012,31,588,342,Active,,,http://www.redfin.com/MA/Boston/350-W-2nd-St-02127/unit-2/home/40284259,MLS PIN,72247883,N,Y,42.3386077,-71.0464872
MLS Listing,,Condo/Co-op,31 Massachusetts Ave Unit 1-2,Boston,MA,02115,759000,2,1.0,Back Bay,722,722,1869,31,1051,456,Active,,,http://www.redfin.com/MA/Boston/31-Massachusetts-Ave-02115/unit-12/home/9270608,MLS PIN,72247878,N,Y,42.3502793,-71.0895893
MLS Listing,,Condo/Co-op,143-171 Hyde Park Ave Unit 155B,Boston,MA,02130,799000,3,2.0,Jamaica Plain,1825,52356,2017,31,438,384,Active,,,http://www.redfin.com/MA/Boston/143-Hyde-Park-Ave-02130/unit-155B/home/144167866,MLS PIN,72247845,N,Y,42.2984156,-71.1145838
MLS Listing,,Condo/Co-op,143-171 Hyde Park Ave Unit 167A,Boston,MA,02130,789000,3,2.5,Jamaica Plain,1705,52356,2017,31,463,379,Active,,,http://www.redfin.com/MA/Boston/143-Hyde-Park-Ave-02130/unit-167A/home/144167843,MLS PIN,72247843,N,Y,42.2984156,-71.1145838
MLS Listing,,Single Family Residential,5 Littledale St,Boston,MA,02131,529000,3,1.5,Roslindale,1530,4725,1935,32,346,,Active,,,http://www.redfin.com/MA/Boston/5-Littledale-St-02131/home/9178471,MLS PIN,72247787,N,Y,42.2734489,-71.1249715
MLS Listing,,Condo/Co-op,435 Shawmut Ave #3,Boston,MA,02118,949000,1,1.0,South End,922,922,1900,32,1029,354,Active,,,http://www.redfin.com/MA/Boston/435-Shawmut-Ave-02118/unit-3/home/9286348,MLS PIN,72247744,N,Y,42.339847,-71.0746137
MLS Listing,,Condo/Co-op,99 Tremont St #118,Boston,MA,02135,775000,1,1.0,Brighton,1052,,2017,32,737,562,Active,,,http://www.redfin.com/MA/Boston/99-Tremont-St-02135/unit-118/home/144164890,MLS PIN,72247739,N,Y,42.3512679,-71.1723159
MLS Listing,,Condo/Co-op,15 Bynner #2,Boston,MA,02130,539000,3,1.0,Boston,1016,1016,1900,32,531,150,Active,,,http://www.redfin.com/MA/Boston/15-Bynner-St-02130/unit-2/home/11738203,MLS PIN,72247736,N,Y,42.3233856,-71.1089826
MLS Listing,,Condo/Co-op,209 W Springfield St #1,Boston,MA,02118,869000,1,1.0,South End,722,722,1899,32,1204,216,Active,,,http://www.redfin.com/MA/Boston/209-W-Springfield-St-02118/unit-1/home/35635380,MLS PIN,72247699,N,Y,42.3405551,-71.0802142
MLS Listing,,Multi-Family (2-4 Unit),267 Centre St,Boston,MA,02122,899000,12,3.0,Dorchester,4071,3026,1899,32,221,,Active,,,http://www.redfin.com/MA/Boston/267-Centre-St-02122/home/9075870,MLS PIN,72247658,N,Y,42.2935546,-71.0617719
MLS Listing,,Condo/Co-op,255 Gold St #1,Boston,MA,02127,599000,2,1.5,South Boston,1028,1028,1890,32,583,200,Active,,,http://www.redfin.com/MA/Boston/255-Gold-St-02127/unit-1/home/9303024,MLS PIN,72247637,N,Y,42.3353818,-71.048473
MLS Listing,,Condo/Co-op,8 Whittier Pl Unit 24G,Boston,MA,02114,449000,1,1.0,West End,691,691,1964,32,650,676,Active,,,http://www.redfin.com/MA/Boston/8-Whittier-Pl-02114/unit-24G/home/9229120,MLS PIN,72247624,N,Y,42.3655875,-71.0675472
MLS Listing,,Condo/Co-op,25 Hancock St #1,Boston,MA,02114,679000,1,1.0,Beacon Hill,681,681,1890,32,997,292,Active,,,http://www.redfin.com/MA/Boston/25-Hancock-St-02114/unit-1/home/9227943,MLS PIN,72247591,N,Y,42.3604061,-71.0646949
MLS Listing,,Condo/Co-op,10 Charlesgate E #401,Boston,MA,02215,1250000,2,2.0,Back Bay,1118,1118,1910,32,1118,871,Active,,,http://www.redfin.com/MA/Boston/10-Charlesgate-E-02215/unit-401/home/9240048,MLS PIN,72247573,N,Y,42.3500008,-71.0912786
MLS Listing,,Condo/Co-op,325 Columbus Ave #1,Boston,MA,02116,895000,2,1.0,South End,1224,,1890,32,731,406,Active,,,http://www.redfin.com/MA/Boston/325-Columbus-Ave-02116/unit-1/home/9249378,MLS PIN,72247564,N,Y,42.3464366,-71.0749582
MLS Listing,,Single Family Residential,9 Sewall St,Boston,MA,02120,1298880,5,4.0,Mission Hill,1920,1500,1890,32,677,,Active,,,http://www.redfin.com/MA/Roxbury-Crossing/9-Sewall-St-02120/home/144350540,MLS PIN,72247530,N,Y,42.331316,-71.098336
MLS Listing,,Condo/Co-op,14 W Broadway #307,Boston,MA,02127,1169000,2,2.0,South Boston,1224,,2017,32,955,99999,Active,,,http://www.redfin.com/MA/Boston/14-W-Broadway-02127/unit-307/home/144162315,MLS PIN,72247474,N,Y,42.3428463,-71.0569762
MLS Listing,,Condo/Co-op,14 W Broadway #406,Boston,MA,02127,1249000,2,2.0,South Boston,1247,,2017,32,1002,99999,Active,,,http://www.redfin.com/MA/Boston/14-W-Broadway-02127/unit-406/home/144162293,MLS PIN,72247473,N,Y,42.3428463,-71.0569762
MLS Listing,,Condo/Co-op,14 W Broadway #505,Boston,MA,02127,860000,1,1.0,South Boston,831,,2017,32,1035,99999,Active,,,http://www.redfin.com/MA/Boston/14-W-Broadway-02127/unit-505/home/144162292,MLS PIN,72247472,N,Y,42.3428463,-71.0569762
MLS Listing,,Condo/Co-op,14 W Broadway #203,Boston,MA,02127,1025000,2,2.0,South Boston,1134,,2017,32,904,99999,Active,,,http://www.redfin.com/MA/Boston/14-W-Broadway-02127/unit-203/home/144161487,MLS PIN,72247359,N,Y,42.3428463,-71.0569762
MLS Listing,,Multi-Family (2-4 Unit),51 Havre St,Boston,MA,02128,684900,5,3.5,East Boston,1800,1000,1910,32,381,,Active,,,http://www.redfin.com/MA/Boston/51-Havre-St-02128/home/9112591,MLS PIN,72247345,N,Y,42.3709433,-71.0399185
MLS Listing,,Condo/Co-op,1313 Washington St #420,Boston,MA,02118,1429000,2,2.0,South End,1422,,2002,32,1005,851,Active,,,http://www.redfin.com/MA/Boston/1313-Washington-St-02118/unit-420/home/9316690,MLS PIN,72247329,N,Y,42.3420501,-71.0684913
MLS Listing,,Single Family Residential,160 Savannah Ave,Boston,MA,02126,535000,4,2.0,Mattapan,1678,4000,1920,32,319,,Active,,,http://www.redfin.com/MA/Boston/160-Savannah-Ave-02126/home/9157891,MLS PIN,72247299,N,Y,42.2733396,-71.101197
MLS Listing,,Condo/Co-op,30-34 E Concord St #2,Boston,MA,02118,699000,2,1.5,South End,878,878,1899,32,796,506,Active,,,http://www.redfin.com/MA/Boston/30-34-E-Concord-St-02118/unit-2/home/39945807,MLS PIN,72247226,N,Y,42.3374062,-71.0740291
MLS Listing,,Multi-Family (2-4 Unit),31 Oakwood St,Boston,MA,02124,925000,12,6.0,Dorchester,4140,5000,2006,32,223,,Active,,,http://www.redfin.com/MA/Boston/31-Oakwood-St-02124/unit-2/home/21717979,MLS PIN,72247216,N,Y,42.2878913,-71.0737875
MLS Listing,,Condo/Co-op,2757 Washington St #1,Boston,MA,02119,550000,3,2.0,Roxbury's Fort Hill,1589,,2017,32,346,210,Active,,,http://www.redfin.com/MA/Boston/2757-Washington-St-02119/unit-1/home/143985586,MLS PIN,72247185,N,Y,42.322584,-71.09115
MLS Listing,,Single Family Residential,20 Lawrence St,Boston,MA,02116,2400000,3,2.5,South End,2117,803,1892,33,1134,,Active,,,http://www.redfin.com/MA/Boston/20-Lawrence-St-02116/home/144155338,MLS PIN,72247163,N,Y,42.3462001,-71.0723233
MLS Listing,,Condo/Co-op,99 Tremont St #211,Boston,MA,02135,569000,1,1.0,Brighton,846,,2017,33,673,397,Active,,,http://www.redfin.com/MA/Boston/99-Tremont-St-02135/unit-211/home/144155232,MLS PIN,72247150,N,Y,42.3512679,-71.1723159
MLS Listing,,Condo/Co-op,99 Tremont St #107,Boston,MA,02135,920000,2,2.0,Brighton,1175,,2017,33,783,650,Active,,,http://www.redfin.com/MA/Boston/99-Tremont-St-02135/unit-107/home/144155209,MLS PIN,72247141,N,Y,42.3512679,-71.1723159
MLS Listing,,Single Family Residential,115 Desoto Rd,Boston,MA,02132,529000,4,2.5,West Roxbury,2400,3960,1955,33,220,,Active,,,http://www.redfin.com/MA/Boston/115-Desoto-Rd-02132/home/11735254,MLS PIN,72247132,N,Y,42.2593469,-71.1513528
MLS Listing,,Condo/Co-op,32 Commonwealth Unit 1F,Boston,MA,02116,2395000,3,3.5,Back Bay,2153,,1900,33,1112,1050,Active,,,http://www.redfin.com/MA/Boston/32-Commonwealth-Ave-02116/unit-1F/home/144155175,MLS PIN,72247123,N,Y,42.3528762,-71.072782
MLS Listing,,Single Family Residential,9 Gay Head St,Boston,MA,02130,750000,4,2.0,Jamaica Plain,2171,3280,1901,33,345,,Active,,,http://www.redfin.com/MA/Boston/9-Gay-Head-St-02130/home/9146618,MLS PIN,72247101,N,Y,42.3234634,-71.1051146
MLS Listing,,Condo/Co-op,188 Brookline Ave Unit 21-9 E,Boston,MA,02215,1399800,1,1.5,The Fenway,949,,2018,33,1475,858,Active,,,http://www.redfin.com/MA/Boston/188-Brookline-Ave-02215/unit-21-9-E/home/144154636,MLS PIN,72247008,N,Y,42.3437734,-71.1017218
MLS Listing,,Multi-Family (2-4 Unit),5-7 Bell Ct,Boston,MA,02127,929000,6,5.5,South Boston,2400,1300,1900,33,387,,Active,,,http://www.redfin.com/MA/Boston/7-Bell-Ct-02127/home/9189348,MLS PIN,72247004,N,Y,42.3355954,-71.0551242
MLS Listing,,Condo/Co-op,188 Brookline Ave Unit 24-7 D,Boston,MA,02215,921400,1,1.0,Boston,612,,2018,33,1506,559,Active,,,http://www.redfin.com/MA/Boston/188-Brookline-Ave-02215/unit-24-7-D/home/144154526,MLS PIN,72246980,N,Y,42.3437734,-71.1017218
MLS Listing,,Condo/Co-op,390 Commonwealth #611,Boston,MA,02215,1195000,2,1.5,Back Bay,1327,,1920,33,901,903,Active,,,http://www.redfin.com/MA/Boston/390-Commonwealth-Ave-02215/unit-611/home/9239883,MLS PIN,72246835,N,Y,42.3486285,-71.0902651
MLS Listing,,Condo/Co-op,18 Robert St #4,Boston,MA,02131,545000,2,2.0,Roslindale,1004,,2015,33,543,399,Active,,,http://www.redfin.com/MA/Boston/18-Robert-St-02131/unit-4/home/77520466,MLS PIN,72246832,N,Y,42.2872097,-71.1323829
MLS Listing,,Condo/Co-op,98 Wellsmere Rd #98,Boston,MA,02131,515000,3,1.0,Roslindale,1899,1899,1920,33,271,175,Active,,,http://www.redfin.com/MA/Boston/98-Wellsmere-Rd-02131/unit-98/home/113228160,MLS PIN,72246823,N,Y,42.2790396,-71.1333793
MLS Listing,,Condo/Co-op,28-32 Atlantic Ave #611,Boston,MA,02110,839000,1,1.0,Waterfront,804,804,1868,33,1044,582,Active,,,http://www.redfin.com/MA/Boston/28-Atlantic-Ave-02110/unit-611/home/9258838,MLS PIN,72246771,N,Y,42.363346,-71.050599
MLS Listing,,Condo/Co-op,21 Wormwood St #515,Boston,MA,02210,1199000,2,2.0,Seaport District,1483,1483,1900,33,808,461,Active,,,http://www.redfin.com/MA/Boston/21-Wormwood-St-02210/unit-515/home/9304193,MLS PIN,72246744,N,Y,42.3471212,-71.0501184
MLS Listing,,Condo/Co-op,1409 River St #47,Boston,MA,02136,279000,2,1.0,Hyde Park,712,712,1960,33,392,417,Active,,,http://www.redfin.com/MA/Boston/1409-River-St-02136/unit-47/home/9130140,MLS PIN,72246721,N,Y,42.2536905,-71.1298165
MLS Listing,,Multi-Family (2-4 Unit),24 Havelock St,Boston,MA,02124,799000,9,3.0,Dorchester,3447,3200,1920,34,232,,Active,,,http://www.redfin.com/MA/Boston/24-Havelock-St-02124/home/9101790,MLS PIN,72246702,N,Y,42.2861515,-71.0920181
MLS Listing,,Multi-Family (2-4 Unit),15 Bicknell St,Boston,MA,02121,899000,9,4.5,Boston,4942,6000,1905,34,182,,Active,,,http://www.redfin.com/MA/Boston/15-Bicknell-St-02121/home/9087003,MLS PIN,72246692,N,Y,42.2970306,-71.0823493
MLS Listing,,Townhouse,53A River St Unit -,Boston,MA,02126,485000,3,2.5,Dorchester,1536,,2017,34,316,225,Active,,,http://www.redfin.com/MA/Boston/53-River-St-02126/Unit/home/143925553,MLS PIN,72246593,N,Y,42.271838,-71.0723898
MLS Listing,,Multi-Family (2-4 Unit),33 Mayfield St,Boston,MA,02125,1100000,4,2.0,Boston,4329,7020,1900,34,254,,Active,,,http://www.redfin.com/MA/Boston/33-Mayfield-St-02125/home/9067942,MLS PIN,72246581,N,Y,42.3167524,-71.0583663
MLS Listing,,Condo/Co-op,19 Emerson St #19,Boston,MA,02127,399000,1,1.0,South Boston,560,560,1900,34,713,95,Active,,,http://www.redfin.com/MA/Boston/19-Emerson-St-02127/unit-19/home/113224648,MLS PIN,72246529,N,Y,42.3365628,-71.0436873
MLS Listing,,Condo/Co-op,580 Washington St #401,Boston,MA,02111,1850000,3,2.0,Midtown,1478,1478,2013,34,1252,1421,Active,,,http://www.redfin.com/MA/Boston/580-Washington-St-02111/unit-401/home/45419807,MLS PIN,72246377,N,Y,42.3532796,-71.0623509
MLS Listing,,Condo/Co-op,99 Tremont St #209,Boston,MA,02135,865000,2,2.0,Brighton,1098,,2017,35,788,617,Active,,,http://www.redfin.com/MA/Boston/99-Tremont-St-02135/unit-209/home/144149171,MLS PIN,72246226,N,Y,42.3512679,-71.1723159
MLS Listing,,Condo/Co-op,99 Tremont St #516,Boston,MA,02135,660000,1,1.0,Brighton,790,,2017,35,835,452,Active,,,http://www.redfin.com/MA/Boston/99-Tremont-St-02135/unit-516/home/144149168,MLS PIN,72246224,N,Y,42.3512679,-71.1723159
MLS Listing,,Condo/Co-op,99 Tremont St #205,Boston,MA,02135,515000,0,1.0,Brighton,616,,2017,35,836,354,Active,,,http://www.redfin.com/MA/Boston/99-Tremont-St-02135/unit-205/home/144149165,MLS PIN,72246223,N,Y,42.3512679,-71.1723159
MLS Listing,,Condo/Co-op,1514 Columbia Rd,Boston,MA,02127,1250000,3,2.5,South Boston,1732,,1915,35,722,315,Active,,,http://www.redfin.com/MA/Boston/56-Roland-St-02129/unit-1/home/9230726,MLS PIN,72246183,N,Y,42.3810374,-71.0800593
MLS Listing,,Condo/Co-op,144 Charles St Unit 2-3,Boston,MA,02114,350000,0,,Beacon Hill,,,1920,36,,250,Active,,,http://www.redfin.com/MA/Boston/144-Charles-St-02114/unit-2-3/home/144130734,MLS PIN,72246018,N,Y,42.3598814,-71.0709344
